Module,lncRNA,mRNA,miRNA
M1,CTC-428G20.3,CNOT6,hsa-miR-1299
M1,CTC-428G20.3,EFCAB14,hsa-miR-1299
M1,CTC-428G20.3,METTL8,hsa-miR-1299
M1,CTC-428G20.3,NDST1,hsa-miR-1299
M1,CTC-428G20.3,TMEM184B,hsa-miR-1299
M1,CTC-428G20.3,ZNF24,hsa-miR-1299
M1,CTD-3185P2.1,AKR7A2,hsa-miR-3167
M1,CTD-3185P2.1,RBM4B,hsa-miR-3167
M1,CTD-3185P2.1,RORA,hsa-miR-3167
M1,FGD5-AS1,ADD3,hsa-miR-421
M1,FGD5-AS1,AKR7A2,hsa-miR-3167;hsa-miR-421
M1,FGD5-AS1,ARGLU1,hsa-miR-421
M1,FGD5-AS1,CUX1,hsa-miR-421
M1,FGD5-AS1,FAM208A,hsa-miR-421
M1,FGD5-AS1,G6PC3,hsa-miR-421
M1,FGD5-AS1,GAS1,hsa-miR-421
M1,FGD5-AS1,ID4,hsa-miR-421
M1,FGD5-AS1,KCNJ10,hsa-miR-421
M1,FGD5-AS1,KCNN3,hsa-miR-421
M1,FGD5-AS1,LEPROT,hsa-miR-421
M1,FGD5-AS1,LIFR,hsa-miR-421
M1,FGD5-AS1,LRRC58,hsa-miR-421
M1,FGD5-AS1,METTL8,hsa-miR-421
M1,FGD5-AS1,MFAP3L,hsa-miR-421
M1,FGD5-AS1,MKLN1,hsa-miR-421
M1,FGD5-AS1,MMGT1,hsa-miR-421
M1,FGD5-AS1,MXI1,hsa-miR-421
M1,FGD5-AS1,NHLRC2,hsa-miR-421
M1,FGD5-AS1,NPFFR1,hsa-miR-421
M1,FGD5-AS1,NSL1,hsa-miR-421
M1,FGD5-AS1,NUCKS1,hsa-miR-421
M1,FGD5-AS1,PDGFRA,hsa-miR-421
M1,FGD5-AS1,PIPOX,hsa-miR-421
M1,FGD5-AS1,RAB30,hsa-miR-421
M1,FGD5-AS1,RASSF4,hsa-miR-421
M1,FGD5-AS1,RBM4B,hsa-miR-3167
M1,FGD5-AS1,RORA,hsa-miR-3167;hsa-miR-421
M1,FGD5-AS1,SEPT2,hsa-miR-421
M1,FGD5-AS1,SGTA,hsa-miR-421
M1,FGD5-AS1,SIRT1,hsa-miR-421
M1,FGD5-AS1,SREK1,hsa-miR-421
M1,FGD5-AS1,STAM2,hsa-miR-421
M1,FGD5-AS1,TCF7L2,hsa-miR-421
M1,FGD5-AS1,TET1,hsa-miR-421
M1,FGD5-AS1,TEX261,hsa-miR-421
M1,FGD5-AS1,TROVE2,hsa-miR-421
M1,FGD5-AS1,VSIG10,hsa-miR-421
M1,FGD5-AS1,YIPF6,hsa-miR-421
M1,FGD5-AS1,ZNF451,hsa-miR-421
M1,FGD5-AS1,ZNF678,hsa-miR-421
M1,FGD5-AS1,ZSCAN9,hsa-miR-421
M1,LINC00909,ADD1,hsa-miR-573
M1,LINC00909,CNTF,hsa-miR-573
M1,LINC00909,ITGB8,hsa-miR-573
M1,LINC00909,LRRC58,hsa-miR-573
M1,LINC00909,MRFAP1,hsa-miR-573
M1,LINC00909,NHLRC2,hsa-miR-573
M1,LINC00909,PLCG1,hsa-miR-573
M1,LINC00909,TET2,hsa-miR-573
M1,LINC00909,TXNIP,hsa-miR-573
M1,LINC00909,ZNF677,hsa-miR-573
M1,PITPNA-AS1,AKR7A2,hsa-miR-3167
M1,PITPNA-AS1,RBM4B,hsa-miR-3167
M1,PITPNA-AS1,RORA,hsa-miR-3167
M1,RP11-379H18.1,CNOT6,hsa-miR-1299
M1,RP11-379H18.1,EFCAB14,hsa-miR-1299
M1,RP11-379H18.1,METTL8,hsa-miR-1299
M1,RP11-379H18.1,NDST1,hsa-miR-1299
M1,RP11-379H18.1,TMEM184B,hsa-miR-1299
M1,RP11-379H18.1,ZNF24,hsa-miR-1299
M1,RP11-553L6.5,NUCKS1,hsa-miR-1255a
M1,RP11-553L6.5,POU2F1,hsa-miR-1255a
M1,RP11-553L6.5,TBC1D20,hsa-miR-1255a
M1,RP11-553L6.5,TROVE2,hsa-miR-1255a
M1,RP11-553L6.5,ZNF160,hsa-miR-1255a
M10,AC007038.7,ABCC5,hsa-miR-4705
M10,AC007038.7,FAM122B,hsa-miR-4705
M10,AC007038.7,GOLGA8A,hsa-miR-4705
M10,AC007038.7,HIF1AN,hsa-miR-4705
M10,AC007038.7,PLEKHA3,hsa-miR-4705
M10,AC007038.7,RBM26,hsa-miR-4705
M10,AC034220.3,PLK1,hsa-miR-1299
M10,C1orf132,PLK1,hsa-miR-1299
M10,LINC00893,MEMO1,hsa-miR-3687
M10,RP11-15H20.6,ABCC5,hsa-miR-4705
M10,RP11-15H20.6,FAM122B,hsa-miR-4705
M10,RP11-15H20.6,GOLGA8A,hsa-miR-4705
M10,RP11-15H20.6,HIF1AN,hsa-miR-4705
M10,RP11-15H20.6,PLEKHA3,hsa-miR-4705
M10,RP11-15H20.6,RBM26,hsa-miR-4705
M10,RP11-216L13.19,ABCA9,hsa-miR-421
M10,RP11-216L13.19,CREBRF,hsa-miR-421
M10,RP11-216L13.19,DFFB,hsa-miR-421
M10,RP11-216L13.19,HELLS,hsa-miR-421
M10,RP11-216L13.19,IFT20,hsa-miR-421
M10,RP11-216L13.19,MEMO1,hsa-miR-3687
M10,RP11-216L13.19,MPV17,hsa-miR-421
M10,RP11-216L13.19,NR6A1,hsa-miR-421
M10,RP11-216L13.19,PLEKHA1,hsa-miR-421
M10,RP11-216L13.19,USP49,hsa-miR-421
M10,RP11-216L13.19,WHSC1L1,hsa-miR-421
M10,RP11-216L13.19,ZBTB25,hsa-miR-421
M10,RP11-216L13.19,ZNF706,hsa-miR-421
M10,RP11-216L13.19,ZNF780B,hsa-miR-421
M10,RP11-258F22.1,ELP2,hsa-miR-1267
M10,RP11-258F22.1,REPS1,hsa-miR-1267
M10,RP11-258F22.1,TAS2R5,hsa-miR-1267
M10,RP11-258F22.1,WHSC1L1,hsa-miR-1267
M10,RP11-348P10.2,PLK1,hsa-miR-1299
M10,RP11-485G4.2,PLK1,hsa-miR-1299
M10,RP11-517C16.2,PLK1,hsa-miR-1299
M10,SNHG14,PLK1,hsa-miR-1299
M2,AC084219.4,BRI3BP,hsa-miR-3167
M2,AC084219.4,HTR7,hsa-miR-3167
M2,AC084219.4,KIAA0895,hsa-miR-3167
M2,AC084219.4,TOMM20,hsa-miR-3167
M2,AC084219.4,VPS4A,hsa-miR-3167
M2,GS1-358P8.4,ARF3,hsa-miR-3687
M2,GS1-358P8.4,DIRAS1,hsa-miR-3687
M2,GS1-358P8.4,GDF7,hsa-miR-3687
M2,GS1-358P8.4,HSP90AB1,hsa-miR-3687
M2,GS1-358P8.4,NR2F6,hsa-miR-3687
M2,GS1-358P8.4,PPARGC1B,hsa-miR-3687
M2,GS1-358P8.4,TBL1XR1,hsa-miR-3687
M2,GS1-358P8.4,TTPAL,hsa-miR-3687
M2,MEG8,AMDHD2,hsa-miR-4705
M2,MEG8,AP1S3,hsa-miR-4705
M2,MEG8,BRWD1,hsa-miR-4705
M2,MEG8,C5orf34,hsa-miR-4705
M2,MEG8,CALM1,hsa-miR-4705
M2,MEG8,CLDN12,hsa-miR-4705
M2,MEG8,CUL3,hsa-miR-4705
M2,MEG8,DCUN1D4,hsa-miR-4705
M2,MEG8,DENND5B,hsa-miR-4705
M2,MEG8,DNAJB14,hsa-miR-4705
M2,MEG8,FAM160B1,hsa-miR-4705
M2,MEG8,FAXC,hsa-miR-4705
M2,MEG8,FLVCR1,hsa-miR-4705
M2,MEG8,FZD3,hsa-miR-4705
M2,MEG8,GOLGA8B,hsa-miR-4705
M2,MEG8,HSPA8,hsa-miR-4705
M2,MEG8,IMPAD1,hsa-miR-4705
M2,MEG8,IREB2,hsa-miR-4705
M2,MEG8,LMO4,hsa-miR-4705
M2,MEG8,NCOA7,hsa-miR-4705
M2,MEG8,NLGN1,hsa-miR-4705
M2,MEG8,NUS1,hsa-miR-4705
M2,MEG8,OSBPL8,hsa-miR-4705
M2,MEG8,PCGF3,hsa-miR-4705
M2,MEG8,PHF13,hsa-miR-4705
M2,MEG8,RAB6B,hsa-miR-4705
M2,MEG8,RGMB,hsa-miR-4705
M2,MEG8,SIAH1,hsa-miR-4705
M2,MEG8,SLC25A46,hsa-miR-4705
M2,MEG8,SLC2A13,hsa-miR-4705
M2,MEG8,SLC38A1,hsa-miR-4705
M2,MEG8,STS,hsa-miR-4705
M2,MEG8,TSPAN13,hsa-miR-4705
M2,MEG8,USP22,hsa-miR-4705
M2,MEG8,WDR17,hsa-miR-4705
M2,MEG8,YWHAG,hsa-miR-4705
M2,MEG8,ZFYVE27,hsa-miR-4705
M2,MIR600HG,ACTR2,hsa-miR-3609
M2,MIR600HG,ANKH,hsa-miR-3609
M2,MIR600HG,ATXN7L3B,hsa-miR-3609
M2,MIR600HG,BRI3BP,hsa-miR-3609
M2,MIR600HG,BTF3L4,hsa-miR-3609
M2,MIR600HG,C16orf70,hsa-miR-3609
M2,MIR600HG,C9orf40,hsa-miR-3609
M2,MIR600HG,CCDC71L,hsa-miR-3609
M2,MIR600HG,COIL,hsa-miR-3609
M2,MIR600HG,COX19,hsa-miR-3609
M2,MIR600HG,DCK,hsa-miR-3609
M2,MIR600HG,DGAT2,hsa-miR-3609
M2,MIR600HG,ENPP5,hsa-miR-3609
M2,MIR600HG,FAM126B,hsa-miR-3609
M2,MIR600HG,FAXC,hsa-miR-3609
M2,MIR600HG,FEM1B,hsa-miR-3609
M2,MIR600HG,FOXJ3,hsa-miR-3609
M2,MIR600HG,G2E3,hsa-miR-3609
M2,MIR600HG,HSPA8,hsa-miR-3609
M2,MIR600HG,KIAA0232,hsa-miR-3609
M2,MIR600HG,KIAA1191,hsa-miR-3609
M2,MIR600HG,LRP12,hsa-miR-3609
M2,MIR600HG,LRPAP1,hsa-miR-3609
M2,MIR600HG,MARCH6,hsa-miR-3609
M2,MIR600HG,MTPAP,hsa-miR-3609
M2,MIR600HG,NAPB,hsa-miR-3609
M2,MIR600HG,NLK,hsa-miR-3609
M2,MIR600HG,NUPL2,hsa-miR-3609
M2,MIR600HG,NUS1,hsa-miR-3609
M2,MIR600HG,PRICKLE2,hsa-miR-3609
M2,MIR600HG,PTPN4,hsa-miR-3609
M2,MIR600HG,RAB39B,hsa-miR-3609
M2,MIR600HG,RGMB,hsa-miR-3609
M2,MIR600HG,RLIM,hsa-miR-3609
M2,MIR600HG,RRN3,hsa-miR-3609
M2,MIR600HG,SEMA7A,hsa-miR-3609
M2,MIR600HG,SESN1,hsa-miR-3609
M2,MIR600HG,SLC25A46,hsa-miR-3609
M2,MIR600HG,SMIM13,hsa-miR-3609
M2,MIR600HG,SNAP47,hsa-miR-3609
M2,MIR600HG,TBC1D8,hsa-miR-3609
M2,MIR600HG,TBL1XR1,hsa-miR-3609
M2,MIR600HG,TFAM,hsa-miR-3609
M2,MIR600HG,TMEM181,hsa-miR-3609
M2,MIR600HG,TMEM200C,hsa-miR-3609
M2,MIR600HG,TMEM242,hsa-miR-3609
M2,MIR600HG,TRAPPC2,hsa-miR-3609
M2,MIR600HG,UGCG,hsa-miR-3609
M2,MIR600HG,WDR77,hsa-miR-3609
M2,MIR600HG,YWHAZ,hsa-miR-3609
M2,MIR600HG,ZFYVE9,hsa-miR-3609
M2,MIR600HG,ZNF780A,hsa-miR-3609
M2,NDUFA6-AS1,BRI3BP,hsa-miR-3167
M2,NDUFA6-AS1,HTR7,hsa-miR-3167
M2,NDUFA6-AS1,KIAA0895,hsa-miR-3167
M2,NDUFA6-AS1,TOMM20,hsa-miR-3167
M2,NDUFA6-AS1,VPS4A,hsa-miR-3167
M2,OIP5-AS1,AMDHD2,hsa-miR-4705
M2,OIP5-AS1,AP1S3,hsa-miR-4705
M2,OIP5-AS1,BASP1,hsa-miR-1255a
M2,OIP5-AS1,BRI3BP,hsa-miR-3167
M2,OIP5-AS1,BRWD1,hsa-miR-4705
M2,OIP5-AS1,C1orf109,hsa-miR-1255a
M2,OIP5-AS1,C5orf34,hsa-miR-4705
M2,OIP5-AS1,CALM1,hsa-miR-4705
M2,OIP5-AS1,CHTF8,hsa-miR-1255a
M2,OIP5-AS1,CLDN12,hsa-miR-4705
M2,OIP5-AS1,CUL3,hsa-miR-4705
M2,OIP5-AS1,CYGB,hsa-miR-1255a
M2,OIP5-AS1,DCP2,hsa-miR-1255a
M2,OIP5-AS1,DCUN1D4,hsa-miR-4705
M2,OIP5-AS1,DENND5B,hsa-miR-4705
M2,OIP5-AS1,DNAJB14,hsa-miR-4705
M2,OIP5-AS1,FAM160B1,hsa-miR-4705
M2,OIP5-AS1,FAXC,hsa-miR-4705
M2,OIP5-AS1,FEM1B,hsa-miR-1255a
M2,OIP5-AS1,FLVCR1,hsa-miR-4705
M2,OIP5-AS1,FZD3,hsa-miR-4705
M2,OIP5-AS1,GAS7,hsa-miR-1255a
M2,OIP5-AS1,GOLGA8B,hsa-miR-4705
M2,OIP5-AS1,GPR137C,hsa-miR-1255a
M2,OIP5-AS1,HSPA8,hsa-miR-4705
M2,OIP5-AS1,HTR5A-AS1,hsa-miR-1255a
M2,OIP5-AS1,HTR7,hsa-miR-3167
M2,OIP5-AS1,IMPAD1,hsa-miR-4705
M2,OIP5-AS1,IREB2,hsa-miR-4705
M2,OIP5-AS1,KAT7,hsa-miR-1255a
M2,OIP5-AS1,KIAA0895,hsa-miR-3167
M2,OIP5-AS1,KIAA1191,hsa-miR-1255a
M2,OIP5-AS1,LMO4,hsa-miR-4705
M2,OIP5-AS1,NCOA7,hsa-miR-4705
M2,OIP5-AS1,NLGN1,hsa-miR-4705
M2,OIP5-AS1,NUS1,hsa-miR-4705
M2,OIP5-AS1,OPA1,hsa-miR-1255a
M2,OIP5-AS1,OSBPL8,hsa-miR-4705
M2,OIP5-AS1,PCGF3,hsa-miR-4705
M2,OIP5-AS1,PHF13,hsa-miR-4705
M2,OIP5-AS1,PIAS1,hsa-miR-1255a
M2,OIP5-AS1,PISD,hsa-miR-1255a
M2,OIP5-AS1,RAB6B,hsa-miR-4705
M2,OIP5-AS1,RGMB,hsa-miR-4705
M2,OIP5-AS1,SIAH1,hsa-miR-4705
M2,OIP5-AS1,SLC1A1,hsa-miR-1255a
M2,OIP5-AS1,SLC25A46,hsa-miR-4705
M2,OIP5-AS1,SLC2A13,hsa-miR-4705
M2,OIP5-AS1,SLC2A3,hsa-miR-1255a
M2,OIP5-AS1,SLC38A1,hsa-miR-4705
M2,OIP5-AS1,STS,hsa-miR-4705
M2,OIP5-AS1,TOMM20,hsa-miR-3167
M2,OIP5-AS1,TRIM23,hsa-miR-1255a
M2,OIP5-AS1,TSPAN13,hsa-miR-4705
M2,OIP5-AS1,USP22,hsa-miR-4705
M2,OIP5-AS1,VPS4A,hsa-miR-3167
M2,OIP5-AS1,WDR17,hsa-miR-4705
M2,OIP5-AS1,YWHAG,hsa-miR-4705
M2,OIP5-AS1,YWHAZ,hsa-miR-1255a
M2,OIP5-AS1,ZFYVE27,hsa-miR-4705
M2,RP11-531A24.3,ABI2,hsa-miR-421
M2,RP11-531A24.3,AC019171.1,hsa-miR-421
M2,RP11-531A24.3,ACSL3,hsa-miR-421
M2,RP11-531A24.3,ACSL4,hsa-miR-421
M2,RP11-531A24.3,ANKRD13C,hsa-miR-421
M2,RP11-531A24.3,AP4S1,hsa-miR-421
M2,RP11-531A24.3,ARL1,hsa-miR-421
M2,RP11-531A24.3,ARL4C,hsa-miR-421
M2,RP11-531A24.3,ATXN7L3B,hsa-miR-421
M2,RP11-531A24.3,BEND4,hsa-miR-421
M2,RP11-531A24.3,BLOC1S6,hsa-miR-421
M2,RP11-531A24.3,C16orf87,hsa-miR-421
M2,RP11-531A24.3,C1orf52,hsa-miR-421
M2,RP11-531A24.3,C2CD5,hsa-miR-421
M2,RP11-531A24.3,C7orf60,hsa-miR-421
M2,RP11-531A24.3,CAMK2D,hsa-miR-421
M2,RP11-531A24.3,CBWD1,hsa-miR-421
M2,RP11-531A24.3,CCDC28A,hsa-miR-421
M2,RP11-531A24.3,CCNC,hsa-miR-421
M2,RP11-531A24.3,CHML,hsa-miR-421
M2,RP11-531A24.3,CMTM4,hsa-miR-421
M2,RP11-531A24.3,COQ7,hsa-miR-421
M2,RP11-531A24.3,CORO2A,hsa-miR-421
M2,RP11-531A24.3,CPLX1,hsa-miR-421
M2,RP11-531A24.3,CS,hsa-miR-421
M2,RP11-531A24.3,CTDSPL2,hsa-miR-421
M2,RP11-531A24.3,CUL3,hsa-miR-421
M2,RP11-531A24.3,DDI2,hsa-miR-421
M2,RP11-531A24.3,DGKB,hsa-miR-421
M2,RP11-531A24.3,DGKH,hsa-miR-421
M2,RP11-531A24.3,DNAJB14,hsa-miR-421
M2,RP11-531A24.3,DNAJC16,hsa-miR-421
M2,RP11-531A24.3,DNAJC27,hsa-miR-421
M2,RP11-531A24.3,DUSP3,hsa-miR-421
M2,RP11-531A24.3,EIF1AX,hsa-miR-421
M2,RP11-531A24.3,EIF5A2,hsa-miR-421
M2,RP11-531A24.3,ELMOD1,hsa-miR-421
M2,RP11-531A24.3,EPHA7,hsa-miR-421
M2,RP11-531A24.3,ETNK1,hsa-miR-421
M2,RP11-531A24.3,FAM126B,hsa-miR-421
M2,RP11-531A24.3,FAM160B1,hsa-miR-421
M2,RP11-531A24.3,FBXO11,hsa-miR-421
M2,RP11-531A24.3,FEM1B,hsa-miR-421
M2,RP11-531A24.3,FGF14,hsa-miR-421
M2,RP11-531A24.3,FLVCR1,hsa-miR-421
M2,RP11-531A24.3,FOXJ3,hsa-miR-421
M2,RP11-531A24.3,FOXP1,hsa-miR-421
M2,RP11-531A24.3,GAS7,hsa-miR-421
M2,RP11-531A24.3,GDF7,hsa-miR-421
M2,RP11-531A24.3,GLIPR1,hsa-miR-421
M2,RP11-531A24.3,GRK6,hsa-miR-421
M2,RP11-531A24.3,GTDC1,hsa-miR-421
M2,RP11-531A24.3,HNRNPUL2,hsa-miR-421
M2,RP11-531A24.3,HSDL1,hsa-miR-421
M2,RP11-531A24.3,HSP90AB1,hsa-miR-421
M2,RP11-531A24.3,HSPA8,hsa-miR-421
M2,RP11-531A24.3,HYOU1,hsa-miR-421
M2,RP11-531A24.3,IGSF3,hsa-miR-421
M2,RP11-531A24.3,IMPA1,hsa-miR-421
M2,RP11-531A24.3,INCENP,hsa-miR-421
M2,RP11-531A24.3,IPCEF1,hsa-miR-421
M2,RP11-531A24.3,IREB2,hsa-miR-421
M2,RP11-531A24.3,KAT7,hsa-miR-421
M2,RP11-531A24.3,KCNMB4,hsa-miR-421
M2,RP11-531A24.3,KRAS,hsa-miR-421
M2,RP11-531A24.3,LRP12,hsa-miR-421
M2,RP11-531A24.3,MAGED1,hsa-miR-421
M2,RP11-531A24.3,MAP3K13,hsa-miR-421
M2,RP11-531A24.3,MAPK8,hsa-miR-421
M2,RP11-531A24.3,MEF2C,hsa-miR-421
M2,RP11-531A24.3,MFSD6,hsa-miR-421
M2,RP11-531A24.3,MSL3,hsa-miR-421
M2,RP11-531A24.3,MTMR9,hsa-miR-421
M2,RP11-531A24.3,NARF,hsa-miR-421
M2,RP11-531A24.3,NDFIP1,hsa-miR-421
M2,RP11-531A24.3,NEGR1,hsa-miR-421
M2,RP11-531A24.3,NPTN,hsa-miR-421
M2,RP11-531A24.3,OPA1,hsa-miR-421
M2,RP11-531A24.3,OPTN,hsa-miR-421
M2,RP11-531A24.3,OXR1,hsa-miR-421
M2,RP11-531A24.3,PAPOLG,hsa-miR-421
M2,RP11-531A24.3,PDK3,hsa-miR-421
M2,RP11-531A24.3,PDPK1,hsa-miR-421
M2,RP11-531A24.3,PHTF2,hsa-miR-421
M2,RP11-531A24.3,PLCXD3,hsa-miR-421
M2,RP11-531A24.3,PLXNC1,hsa-miR-421
M2,RP11-531A24.3,PMEPA1,hsa-miR-421
M2,RP11-531A24.3,PNMA1,hsa-miR-421
M2,RP11-531A24.3,PPP2R2C,hsa-miR-421
M2,RP11-531A24.3,PPTC7,hsa-miR-421
M2,RP11-531A24.3,PRICKLE2,hsa-miR-421
M2,RP11-531A24.3,RAB26,hsa-miR-421
M2,RP11-531A24.3,RAB6B,hsa-miR-421
M2,RP11-531A24.3,RANGAP1,hsa-miR-421
M2,RP11-531A24.3,RFC5,hsa-miR-421
M2,RP11-531A24.3,RGMB,hsa-miR-421
M2,RP11-531A24.3,RORB,hsa-miR-421
M2,RP11-531A24.3,RRP15,hsa-miR-421
M2,RP11-531A24.3,RSBN1L,hsa-miR-421
M2,RP11-531A24.3,SACM1L,hsa-miR-421
M2,RP11-531A24.3,SAP30L,hsa-miR-421
M2,RP11-531A24.3,SBNO1,hsa-miR-421
M2,RP11-531A24.3,SERTAD4,hsa-miR-421
M2,RP11-531A24.3,SGIP1,hsa-miR-421
M2,RP11-531A24.3,SGPP1,hsa-miR-421
M2,RP11-531A24.3,SLC25A36,hsa-miR-421
M2,RP11-531A24.3,SLC36A4,hsa-miR-421
M2,RP11-531A24.3,SNAP25,hsa-miR-421
M2,RP11-531A24.3,STRBP,hsa-miR-421
M2,RP11-531A24.3,SV2A,hsa-miR-421
M2,RP11-531A24.3,SYT1,hsa-miR-421
M2,RP11-531A24.3,SYT4,hsa-miR-421
M2,RP11-531A24.3,TBL1XR1,hsa-miR-421
M2,RP11-531A24.3,TCF20,hsa-miR-421
M2,RP11-531A24.3,TIMM8A,hsa-miR-421
M2,RP11-531A24.3,TLK1,hsa-miR-421
M2,RP11-531A24.3,TMEM159,hsa-miR-421
M2,RP11-531A24.3,TMEM30A,hsa-miR-421
M2,RP11-531A24.3,TOMM20,hsa-miR-421
M2,RP11-531A24.3,TOMM34,hsa-miR-421
M2,RP11-531A24.3,TRIM71,hsa-miR-421
M2,RP11-531A24.3,TSC22D3,hsa-miR-421
M2,RP11-531A24.3,TUBB,hsa-miR-421
M2,RP11-531A24.3,UBE2B,hsa-miR-421
M2,RP11-531A24.3,UHMK1,hsa-miR-421
M2,RP11-531A24.3,VAT1L,hsa-miR-421
M2,RP11-531A24.3,WDR7,hsa-miR-421
M2,RP11-531A24.3,YDJC,hsa-miR-421
M2,RP11-531A24.3,ZFP64,hsa-miR-421
M2,RP11-531A24.3,ZFYVE9,hsa-miR-421
M2,RP11-531A24.3,ZMAT3,hsa-miR-421
M2,RP11-627G23.1,AP2B1,hsa-miR-1299
M2,RP11-627G23.1,AVL9,hsa-miR-1299
M2,RP11-627G23.1,B3GNT2,hsa-miR-1299
M2,RP11-627G23.1,BEND4,hsa-miR-1299
M2,RP11-627G23.1,C1orf109,hsa-miR-1299
M2,RP11-627G23.1,CCDC158,hsa-miR-1299
M2,RP11-627G23.1,CCDC71L,hsa-miR-1299
M2,RP11-627G23.1,CCSAP,hsa-miR-1299
M2,RP11-627G23.1,CERS6,hsa-miR-1299
M2,RP11-627G23.1,DCAF4,hsa-miR-1299
M2,RP11-627G23.1,ELOVL6,hsa-miR-1299
M2,RP11-627G23.1,EPB41L3,hsa-miR-1299
M2,RP11-627G23.1,FAM8A1,hsa-miR-1299
M2,RP11-627G23.1,FOXP2,hsa-miR-1299
M2,RP11-627G23.1,GTF3C4,hsa-miR-1299
M2,RP11-627G23.1,LRP11,hsa-miR-1299
M2,RP11-627G23.1,MAP2K4,hsa-miR-1299
M2,RP11-627G23.1,MED10,hsa-miR-1299
M2,RP11-627G23.1,NDRG4,hsa-miR-1299
M2,RP11-627G23.1,OCA2,hsa-miR-1299
M2,RP11-627G23.1,PDE4C,hsa-miR-1299
M2,RP11-627G23.1,PDPK1,hsa-miR-1299
M2,RP11-627G23.1,PEX5L,hsa-miR-1299
M2,RP11-627G23.1,R3HDM2,hsa-miR-1299
M2,RP11-627G23.1,SLC30A4,hsa-miR-1299
M2,RP11-627G23.1,TCF20,hsa-miR-1299
M2,RP11-627G23.1,UBC,hsa-miR-1299
M2,RP11-627G23.1,UBR3,hsa-miR-1299
M2,RP4-561L24.3,ARF3,hsa-miR-3687
M2,RP4-561L24.3,DIRAS1,hsa-miR-3687
M2,RP4-561L24.3,GDF7,hsa-miR-3687
M2,RP4-561L24.3,HSP90AB1,hsa-miR-3687
M2,RP4-561L24.3,NR2F6,hsa-miR-3687
M2,RP4-561L24.3,PPARGC1B,hsa-miR-3687
M2,RP4-561L24.3,TBL1XR1,hsa-miR-3687
M2,RP4-561L24.3,TTPAL,hsa-miR-3687
M2,SAPCD1-AS1,ABI2,hsa-miR-421
M2,SAPCD1-AS1,AC019171.1,hsa-miR-421
M2,SAPCD1-AS1,ACSL3,hsa-miR-421
M2,SAPCD1-AS1,ACSL4,hsa-miR-421
M2,SAPCD1-AS1,ANKRD13C,hsa-miR-421
M2,SAPCD1-AS1,AP4S1,hsa-miR-421
M2,SAPCD1-AS1,ARL1,hsa-miR-421
M2,SAPCD1-AS1,ARL4C,hsa-miR-421
M2,SAPCD1-AS1,ATXN7L3B,hsa-miR-421
M2,SAPCD1-AS1,BEND4,hsa-miR-421
M2,SAPCD1-AS1,BLOC1S6,hsa-miR-421
M2,SAPCD1-AS1,C16orf87,hsa-miR-421
M2,SAPCD1-AS1,C1orf52,hsa-miR-421
M2,SAPCD1-AS1,C2CD5,hsa-miR-421
M2,SAPCD1-AS1,C7orf60,hsa-miR-421
M2,SAPCD1-AS1,CAMK2D,hsa-miR-421
M2,SAPCD1-AS1,CBWD1,hsa-miR-421
M2,SAPCD1-AS1,CCDC28A,hsa-miR-421
M2,SAPCD1-AS1,CCNC,hsa-miR-421
M2,SAPCD1-AS1,CHML,hsa-miR-421
M2,SAPCD1-AS1,CMTM4,hsa-miR-421
M2,SAPCD1-AS1,COQ7,hsa-miR-421
M2,SAPCD1-AS1,CORO2A,hsa-miR-421
M2,SAPCD1-AS1,CPLX1,hsa-miR-421
M2,SAPCD1-AS1,CS,hsa-miR-421
M2,SAPCD1-AS1,CTDSPL2,hsa-miR-421
M2,SAPCD1-AS1,CUL3,hsa-miR-421
M2,SAPCD1-AS1,DDI2,hsa-miR-421
M2,SAPCD1-AS1,DGKB,hsa-miR-421
M2,SAPCD1-AS1,DGKH,hsa-miR-421
M2,SAPCD1-AS1,DNAJB14,hsa-miR-421
M2,SAPCD1-AS1,DNAJC16,hsa-miR-421
M2,SAPCD1-AS1,DNAJC27,hsa-miR-421
M2,SAPCD1-AS1,DUSP3,hsa-miR-421
M2,SAPCD1-AS1,EIF1AX,hsa-miR-421
M2,SAPCD1-AS1,EIF5A2,hsa-miR-421
M2,SAPCD1-AS1,ELMOD1,hsa-miR-421
M2,SAPCD1-AS1,EPHA7,hsa-miR-421
M2,SAPCD1-AS1,ETNK1,hsa-miR-421
M2,SAPCD1-AS1,FAM126B,hsa-miR-421
M2,SAPCD1-AS1,FAM160B1,hsa-miR-421
M2,SAPCD1-AS1,FBXO11,hsa-miR-421
M2,SAPCD1-AS1,FEM1B,hsa-miR-421
M2,SAPCD1-AS1,FGF14,hsa-miR-421
M2,SAPCD1-AS1,FLVCR1,hsa-miR-421
M2,SAPCD1-AS1,FOXJ3,hsa-miR-421
M2,SAPCD1-AS1,FOXP1,hsa-miR-421
M2,SAPCD1-AS1,GAS7,hsa-miR-421
M2,SAPCD1-AS1,GDF7,hsa-miR-421
M2,SAPCD1-AS1,GLIPR1,hsa-miR-421
M2,SAPCD1-AS1,GRK6,hsa-miR-421
M2,SAPCD1-AS1,GTDC1,hsa-miR-421
M2,SAPCD1-AS1,HNRNPUL2,hsa-miR-421
M2,SAPCD1-AS1,HSDL1,hsa-miR-421
M2,SAPCD1-AS1,HSP90AB1,hsa-miR-421
M2,SAPCD1-AS1,HSPA8,hsa-miR-421
M2,SAPCD1-AS1,HYOU1,hsa-miR-421
M2,SAPCD1-AS1,IGSF3,hsa-miR-421
M2,SAPCD1-AS1,IMPA1,hsa-miR-421
M2,SAPCD1-AS1,INCENP,hsa-miR-421
M2,SAPCD1-AS1,IPCEF1,hsa-miR-421
M2,SAPCD1-AS1,IREB2,hsa-miR-421
M2,SAPCD1-AS1,KAT7,hsa-miR-421
M2,SAPCD1-AS1,KCNMB4,hsa-miR-421
M2,SAPCD1-AS1,KRAS,hsa-miR-421
M2,SAPCD1-AS1,LRP12,hsa-miR-421
M2,SAPCD1-AS1,MAGED1,hsa-miR-421
M2,SAPCD1-AS1,MAP3K13,hsa-miR-421
M2,SAPCD1-AS1,MAPK8,hsa-miR-421
M2,SAPCD1-AS1,MEF2C,hsa-miR-421
M2,SAPCD1-AS1,MFSD6,hsa-miR-421
M2,SAPCD1-AS1,MSL3,hsa-miR-421
M2,SAPCD1-AS1,MTMR9,hsa-miR-421
M2,SAPCD1-AS1,NARF,hsa-miR-421
M2,SAPCD1-AS1,NDFIP1,hsa-miR-421
M2,SAPCD1-AS1,NEGR1,hsa-miR-421
M2,SAPCD1-AS1,NPTN,hsa-miR-421
M2,SAPCD1-AS1,OPA1,hsa-miR-421
M2,SAPCD1-AS1,OPTN,hsa-miR-421
M2,SAPCD1-AS1,OXR1,hsa-miR-421
M2,SAPCD1-AS1,PAPOLG,hsa-miR-421
M2,SAPCD1-AS1,PDK3,hsa-miR-421
M2,SAPCD1-AS1,PDPK1,hsa-miR-421
M2,SAPCD1-AS1,PHTF2,hsa-miR-421
M2,SAPCD1-AS1,PLCXD3,hsa-miR-421
M2,SAPCD1-AS1,PLXNC1,hsa-miR-421
M2,SAPCD1-AS1,PMEPA1,hsa-miR-421
M2,SAPCD1-AS1,PNMA1,hsa-miR-421
M2,SAPCD1-AS1,PPP2R2C,hsa-miR-421
M2,SAPCD1-AS1,PPTC7,hsa-miR-421
M2,SAPCD1-AS1,PRICKLE2,hsa-miR-421
M2,SAPCD1-AS1,RAB26,hsa-miR-421
M2,SAPCD1-AS1,RAB6B,hsa-miR-421
M2,SAPCD1-AS1,RANGAP1,hsa-miR-421
M2,SAPCD1-AS1,RFC5,hsa-miR-421
M2,SAPCD1-AS1,RGMB,hsa-miR-421
M2,SAPCD1-AS1,RORB,hsa-miR-421
M2,SAPCD1-AS1,RRP15,hsa-miR-421
M2,SAPCD1-AS1,RSBN1L,hsa-miR-421
M2,SAPCD1-AS1,SACM1L,hsa-miR-421
M2,SAPCD1-AS1,SAP30L,hsa-miR-421
M2,SAPCD1-AS1,SBNO1,hsa-miR-421
M2,SAPCD1-AS1,SERTAD4,hsa-miR-421
M2,SAPCD1-AS1,SGIP1,hsa-miR-421
M2,SAPCD1-AS1,SGPP1,hsa-miR-421
M2,SAPCD1-AS1,SLC25A36,hsa-miR-421
M2,SAPCD1-AS1,SLC36A4,hsa-miR-421
M2,SAPCD1-AS1,SNAP25,hsa-miR-421
M2,SAPCD1-AS1,STRBP,hsa-miR-421
M2,SAPCD1-AS1,SV2A,hsa-miR-421
M2,SAPCD1-AS1,SYT1,hsa-miR-421
M2,SAPCD1-AS1,SYT4,hsa-miR-421
M2,SAPCD1-AS1,TBL1XR1,hsa-miR-421
M2,SAPCD1-AS1,TCF20,hsa-miR-421
M2,SAPCD1-AS1,TIMM8A,hsa-miR-421
M2,SAPCD1-AS1,TLK1,hsa-miR-421
M2,SAPCD1-AS1,TMEM159,hsa-miR-421
M2,SAPCD1-AS1,TMEM30A,hsa-miR-421
M2,SAPCD1-AS1,TOMM20,hsa-miR-421
M2,SAPCD1-AS1,TOMM34,hsa-miR-421
M2,SAPCD1-AS1,TRIM71,hsa-miR-421
M2,SAPCD1-AS1,TSC22D3,hsa-miR-421
M2,SAPCD1-AS1,TUBB,hsa-miR-421
M2,SAPCD1-AS1,UBE2B,hsa-miR-421
M2,SAPCD1-AS1,UHMK1,hsa-miR-421
M2,SAPCD1-AS1,VAT1L,hsa-miR-421
M2,SAPCD1-AS1,WDR7,hsa-miR-421
M2,SAPCD1-AS1,YDJC,hsa-miR-421
M2,SAPCD1-AS1,ZFP64,hsa-miR-421
M2,SAPCD1-AS1,ZFYVE9,hsa-miR-421
M2,SAPCD1-AS1,ZMAT3,hsa-miR-421
M2,SBF2-AS1,BRI3BP,hsa-miR-3167
M2,SBF2-AS1,HTR7,hsa-miR-3167
M2,SBF2-AS1,KIAA0895,hsa-miR-3167
M2,SBF2-AS1,TOMM20,hsa-miR-3167
M2,SBF2-AS1,VPS4A,hsa-miR-3167
M3,FENDRR,CDK2,hsa-miR-4705
M3,FENDRR,FAM60A,hsa-miR-4705
M3,FENDRR,FZD6,hsa-miR-4705
M3,FENDRR,HERPUD1,hsa-miR-4705
M3,FENDRR,MCL1,hsa-miR-4705
M3,FENDRR,MGP,hsa-miR-4705
M3,FENDRR,MIDN,hsa-miR-4705
M3,FENDRR,NABP1,hsa-miR-4705
M3,FENDRR,SIK1,hsa-miR-4705
M3,GAS5,ADAMTS9,hsa-miR-3609
M3,GAS5,BTG2,hsa-miR-3609
M3,GAS5,C1RL,hsa-miR-3167
M3,GAS5,C8orf4,hsa-miR-3167
M3,GAS5,CD274,hsa-miR-3609
M3,GAS5,CD59,hsa-miR-3609
M3,GAS5,CHSY1,hsa-miR-3609
M3,GAS5,EMP2,hsa-miR-3167
M3,GAS5,FAM129A,hsa-miR-3609
M3,GAS5,HIF1A,hsa-miR-3609
M3,GAS5,HIPK3,hsa-miR-3609
M3,GAS5,KLF6,hsa-miR-3609
M3,GAS5,MAOB,hsa-miR-3167
M3,GAS5,MIDN,hsa-miR-3609
M3,GAS5,NEDD9,hsa-miR-3609
M3,GAS5,PFKFB3,hsa-miR-3609
M3,GAS5,PLEKHG2,hsa-miR-3167
M3,GAS5,RAB11FIP1,hsa-miR-3609
M3,GAS5,RHOC,hsa-miR-3609
M3,GAS5,S100A11,hsa-miR-3609
M3,GAS5,SGMS2,hsa-miR-3609
M3,GAS5,SIK1,hsa-miR-3609
M3,GAS5,SOD2,hsa-miR-3609
M3,GAS5,STC2,hsa-miR-3609
M3,GAS5,THBS1,hsa-miR-3609
M3,GAS5,TNFAIP3,hsa-miR-3609
M3,GAS5,TRIP10,hsa-miR-3609
M3,GAS5,TSR1,hsa-miR-3609
M3,GAS5,ZC3HAV1,hsa-miR-3609
M3,LINC00963,ADAM9,hsa-miR-421
M3,LINC00963,ANO6,hsa-miR-421
M3,LINC00963,ARHGAP29,hsa-miR-421
M3,LINC00963,BTG2,hsa-miR-421
M3,LINC00963,CD276,hsa-miR-421
M3,LINC00963,CEBPB,hsa-miR-421
M3,LINC00963,CEBPD,hsa-miR-421
M3,LINC00963,COL4A1,hsa-miR-421
M3,LINC00963,CRIM1,hsa-miR-421
M3,LINC00963,CSNK1A1,hsa-miR-421
M3,LINC00963,DSC2,hsa-miR-421
M3,LINC00963,EIF4A1,hsa-miR-421
M3,LINC00963,ELL,hsa-miR-421
M3,LINC00963,ELL2,hsa-miR-421
M3,LINC00963,ERLIN1,hsa-miR-421
M3,LINC00963,FNIP2,hsa-miR-421
M3,LINC00963,GADD45A,hsa-miR-421
M3,LINC00963,GNAI3,hsa-miR-421
M3,LINC00963,KLF11,hsa-miR-421
M3,LINC00963,MBNL1,hsa-miR-421
M3,LINC00963,MIDN,hsa-miR-421
M3,LINC00963,MTHFD2,hsa-miR-421
M3,LINC00963,NAA50,hsa-miR-421
M3,LINC00963,NABP1,hsa-miR-421
M3,LINC00963,NEDD9,hsa-miR-421
M3,LINC00963,NXN,hsa-miR-421
M3,LINC00963,PAPSS2,hsa-miR-421
M3,LINC00963,PXN,hsa-miR-421
M3,LINC00963,RAB11FIP1,hsa-miR-421
M3,LINC00963,RNF149,hsa-miR-421
M3,LINC00963,SERPINE1,hsa-miR-421
M3,LINC00963,SLC3A2,hsa-miR-421
M3,LINC00963,SOD2,hsa-miR-421
M3,LINC00963,TACC1,hsa-miR-421
M3,LINC00963,TM4SF1,hsa-miR-421
M3,LINC00963,TNKS1BP1,hsa-miR-421
M3,LINC00963,TRAM2,hsa-miR-421
M3,LINC00963,TSR1,hsa-miR-421
M3,LINC00963,TXNRD1,hsa-miR-421
M3,LINC00963,VMP1,hsa-miR-421
M3,LINC00963,YTHDF1,hsa-miR-421
M3,LINC00963,ZNF219,hsa-miR-421
M3,SNHG1,ADAM9,hsa-miR-421
M3,SNHG1,ANO6,hsa-miR-421
M3,SNHG1,ARHGAP29,hsa-miR-421
M3,SNHG1,BTG2,hsa-miR-421
M3,SNHG1,CD276,hsa-miR-421
M3,SNHG1,CDK2,hsa-miR-4705
M3,SNHG1,CEBPB,hsa-miR-421
M3,SNHG1,CEBPD,hsa-miR-421
M3,SNHG1,COL4A1,hsa-miR-421
M3,SNHG1,CRIM1,hsa-miR-421
M3,SNHG1,CSNK1A1,hsa-miR-421
M3,SNHG1,DSC2,hsa-miR-421
M3,SNHG1,EIF4A1,hsa-miR-421
M3,SNHG1,ELL,hsa-miR-421
M3,SNHG1,ELL2,hsa-miR-421
M3,SNHG1,ERLIN1,hsa-miR-421
M3,SNHG1,FAM60A,hsa-miR-4705
M3,SNHG1,FNIP2,hsa-miR-421
M3,SNHG1,FZD6,hsa-miR-4705
M3,SNHG1,GADD45A,hsa-miR-421
M3,SNHG1,GNAI3,hsa-miR-421
M3,SNHG1,HERPUD1,hsa-miR-4705
M3,SNHG1,KLF11,hsa-miR-421
M3,SNHG1,MBNL1,hsa-miR-421
M3,SNHG1,MCL1,hsa-miR-4705
M3,SNHG1,MGP,hsa-miR-4705
M3,SNHG1,MIDN,hsa-miR-421;hsa-miR-4705
M3,SNHG1,MTHFD2,hsa-miR-421
M3,SNHG1,NAA50,hsa-miR-421
M3,SNHG1,NABP1,hsa-miR-4705;hsa-miR-421
M3,SNHG1,NEDD9,hsa-miR-421
M3,SNHG1,NXN,hsa-miR-421
M3,SNHG1,PAPSS2,hsa-miR-421
M3,SNHG1,PXN,hsa-miR-421
M3,SNHG1,RAB11FIP1,hsa-miR-421
M3,SNHG1,RNF149,hsa-miR-421
M3,SNHG1,SERPINE1,hsa-miR-421
M3,SNHG1,SIK1,hsa-miR-4705
M3,SNHG1,SLC3A2,hsa-miR-421
M3,SNHG1,SOD2,hsa-miR-421
M3,SNHG1,TACC1,hsa-miR-421
M3,SNHG1,TM4SF1,hsa-miR-421
M3,SNHG1,TNKS1BP1,hsa-miR-421
M3,SNHG1,TRAM2,hsa-miR-421
M3,SNHG1,TSR1,hsa-miR-421
M3,SNHG1,TXNRD1,hsa-miR-421
M3,SNHG1,VMP1,hsa-miR-421
M3,SNHG1,YTHDF1,hsa-miR-421
M3,SNHG1,ZNF219,hsa-miR-421
M3,SNHG16,ADAM9,hsa-miR-421
M3,SNHG16,ANO6,hsa-miR-421
M3,SNHG16,ARHGAP29,hsa-miR-421
M3,SNHG16,BTBD19,hsa-miR-1267
M3,SNHG16,BTG2,hsa-miR-421
M3,SNHG16,CD276,hsa-miR-421
M3,SNHG16,CEBPB,hsa-miR-421
M3,SNHG16,CEBPD,hsa-miR-421
M3,SNHG16,COL4A1,hsa-miR-421
M3,SNHG16,CRIM1,hsa-miR-421
M3,SNHG16,CSNK1A1,hsa-miR-421
M3,SNHG16,DSC2,hsa-miR-421
M3,SNHG16,EIF4A1,hsa-miR-421
M3,SNHG16,ELL,hsa-miR-421
M3,SNHG16,ELL2,hsa-miR-421
M3,SNHG16,ERLIN1,hsa-miR-421
M3,SNHG16,FNIP2,hsa-miR-421
M3,SNHG16,GADD45A,hsa-miR-421
M3,SNHG16,GNAI3,hsa-miR-421
M3,SNHG16,HIPK3,hsa-miR-1267
M3,SNHG16,ICAM1,hsa-miR-1267
M3,SNHG16,KLF11,hsa-miR-421
M3,SNHG16,MBNL1,hsa-miR-421
M3,SNHG16,MIDN,hsa-miR-421
M3,SNHG16,MTHFD2,hsa-miR-421
M3,SNHG16,NAA50,hsa-miR-421
M3,SNHG16,NABP1,hsa-miR-421
M3,SNHG16,NEDD9,hsa-miR-421
M3,SNHG16,NXN,hsa-miR-421
M3,SNHG16,PAPSS2,hsa-miR-421
M3,SNHG16,PIM1,hsa-miR-1267
M3,SNHG16,PLSCR1,hsa-miR-1267
M3,SNHG16,PXN,hsa-miR-421
M3,SNHG16,RAB11FIP1,hsa-miR-421
M3,SNHG16,RNF149,hsa-miR-421
M3,SNHG16,SERP1,hsa-miR-1267
M3,SNHG16,SERPINE1,hsa-miR-421
M3,SNHG16,SLC1A5,hsa-miR-1267
M3,SNHG16,SLC3A2,hsa-miR-421
M3,SNHG16,SOD2,hsa-miR-421
M3,SNHG16,ST3GAL1,hsa-miR-1267
M3,SNHG16,TACC1,hsa-miR-421
M3,SNHG16,TM4SF1,hsa-miR-421
M3,SNHG16,TNKS1BP1,hsa-miR-421
M3,SNHG16,TRAM2,hsa-miR-421
M3,SNHG16,TSR1,hsa-miR-421
M3,SNHG16,TXNRD1,hsa-miR-421
M3,SNHG16,VMP1,hsa-miR-421
M3,SNHG16,WEE1,hsa-miR-1267
M3,SNHG16,YTHDF1,hsa-miR-421
M3,SNHG16,ZNF219,hsa-miR-421
M4,CASC7,ANKRD10,hsa-miR-573
M4,CASC7,DDX17,hsa-miR-573
M4,CASC7,PTOV1,hsa-miR-573
M4,CTB-89H12.4,AGO1,hsa-miR-421
M4,CTB-89H12.4,AGO4,hsa-miR-421
M4,CTB-89H12.4,ANKS1B,hsa-miR-421
M4,CTB-89H12.4,CASP2,hsa-miR-421
M4,CTB-89H12.4,CEP78,hsa-miR-421
M4,CTB-89H12.4,DDX17,hsa-miR-421
M4,CTB-89H12.4,GIGYF1,hsa-miR-3609;hsa-miR-421
M4,CTB-89H12.4,HNRNPA2B1,hsa-miR-421
M4,CTB-89H12.4,LIN7C,hsa-miR-421
M4,CTB-89H12.4,MED17,hsa-miR-3609
M4,CTB-89H12.4,MED28,hsa-miR-421
M4,CTB-89H12.4,RBM12B,hsa-miR-3609
M4,CTB-89H12.4,RBM14,hsa-miR-421
M4,CTB-89H12.4,SF1,hsa-miR-421
M4,CTB-89H12.4,SRSF11,hsa-miR-3609
M4,CTB-89H12.4,TAS2R50,hsa-miR-421
M4,CTB-89H12.4,TNRC6A,hsa-miR-421
M4,CTB-89H12.4,TNRC6C,hsa-miR-421
M4,CTB-89H12.4,TPD52L2,hsa-miR-421
M4,CTB-89H12.4,TPP1,hsa-miR-421
M4,CTB-89H12.4,UBE2G2,hsa-miR-421
M4,CTB-89H12.4,UBN2,hsa-miR-421
M4,CTB-89H12.4,ZC3H11A,hsa-miR-421
M4,CTB-89H12.4,ZCCHC11,hsa-miR-421
M4,CTB-89H12.4,ZNF207,hsa-miR-421
M4,CTB-89H12.4,ZNF404,hsa-miR-421
M4,CTB-89H12.4,ZXDA,hsa-miR-421
M4,CTC-444N24.11,HNRNPH3,hsa-miR-4705
M4,CTC-444N24.11,MED28,hsa-miR-4705
M4,CTC-444N24.11,PHF10,hsa-miR-4705
M4,CTC-444N24.11,PPWD1,hsa-miR-4705
M4,CTC-444N24.11,PTCD3,hsa-miR-4705
M4,CTC-444N24.11,RBM28,hsa-miR-4705
M4,CTC-444N24.11,TNRC6A,hsa-miR-4705
M4,CTC-444N24.11,U2AF1,hsa-miR-4705
M4,HNRNPU-AS1,HNRNPH3,hsa-miR-4705
M4,HNRNPU-AS1,MED28,hsa-miR-4705
M4,HNRNPU-AS1,PHF10,hsa-miR-4705
M4,HNRNPU-AS1,PPWD1,hsa-miR-4705
M4,HNRNPU-AS1,PTCD3,hsa-miR-4705
M4,HNRNPU-AS1,RBM28,hsa-miR-4705
M4,HNRNPU-AS1,TNRC6A,hsa-miR-4705
M4,HNRNPU-AS1,U2AF1,hsa-miR-4705
M4,KB-318B8.7,AGO1,hsa-miR-421
M4,KB-318B8.7,AGO4,hsa-miR-421
M4,KB-318B8.7,ANKS1B,hsa-miR-421
M4,KB-318B8.7,CASP2,hsa-miR-421
M4,KB-318B8.7,CEP78,hsa-miR-421
M4,KB-318B8.7,DDX17,hsa-miR-421
M4,KB-318B8.7,GIGYF1,hsa-miR-421
M4,KB-318B8.7,HNRNPA2B1,hsa-miR-421
M4,KB-318B8.7,LIN7C,hsa-miR-421
M4,KB-318B8.7,MED28,hsa-miR-421
M4,KB-318B8.7,RBM14,hsa-miR-421
M4,KB-318B8.7,SF1,hsa-miR-421
M4,KB-318B8.7,TAS2R50,hsa-miR-421
M4,KB-318B8.7,TNRC6A,hsa-miR-421
M4,KB-318B8.7,TNRC6C,hsa-miR-421
M4,KB-318B8.7,TPD52L2,hsa-miR-421
M4,KB-318B8.7,TPP1,hsa-miR-421
M4,KB-318B8.7,UBE2G2,hsa-miR-421
M4,KB-318B8.7,UBN2,hsa-miR-421
M4,KB-318B8.7,ZC3H11A,hsa-miR-421
M4,KB-318B8.7,ZCCHC11,hsa-miR-421
M4,KB-318B8.7,ZNF207,hsa-miR-421
M4,KB-318B8.7,ZNF404,hsa-miR-421
M4,KB-318B8.7,ZXDA,hsa-miR-421
M4,KCNQ1OT1,CDC42BPA,hsa-miR-1299
M4,KCNQ1OT1,HNRNPH3,hsa-miR-4705
M4,KCNQ1OT1,MDC1,hsa-miR-1299
M4,KCNQ1OT1,MED28,hsa-miR-4705
M4,KCNQ1OT1,PHF10,hsa-miR-4705
M4,KCNQ1OT1,PPWD1,hsa-miR-4705
M4,KCNQ1OT1,PTCD3,hsa-miR-4705
M4,KCNQ1OT1,RBM28,hsa-miR-4705
M4,KCNQ1OT1,TNRC6A,hsa-miR-4705
M4,KCNQ1OT1,U2AF1,hsa-miR-4705
M4,MALAT1,AGO1,hsa-miR-421
M4,MALAT1,AGO4,hsa-miR-421
M4,MALAT1,ANKRD10,hsa-miR-573
M4,MALAT1,ANKS1B,hsa-miR-421
M4,MALAT1,CASP2,hsa-miR-421;hsa-miR-621
M4,MALAT1,CEP78,hsa-miR-421
M4,MALAT1,DDX17,hsa-miR-573;hsa-miR-421
M4,MALAT1,GIGYF1,hsa-miR-421
M4,MALAT1,HNRNPA2B1,hsa-miR-421
M4,MALAT1,HNRNPH3,hsa-miR-4705
M4,MALAT1,IL11RA,hsa-miR-3687
M4,MALAT1,LENG8,hsa-miR-3687
M4,MALAT1,LIN7C,hsa-miR-421
M4,MALAT1,MED28,hsa-miR-421;hsa-miR-4705
M4,MALAT1,PHF10,hsa-miR-4705;hsa-miR-1267
M4,MALAT1,PPWD1,hsa-miR-4705
M4,MALAT1,PTCD3,hsa-miR-4705;hsa-miR-1267
M4,MALAT1,PTOV1,hsa-miR-573
M4,MALAT1,RBM14,hsa-miR-421
M4,MALAT1,RBM28,hsa-miR-4705
M4,MALAT1,SCLY,hsa-miR-3687
M4,MALAT1,SF1,hsa-miR-421
M4,MALAT1,TAS2R50,hsa-miR-421
M4,MALAT1,TNRC6A,hsa-miR-421;hsa-miR-4705
M4,MALAT1,TNRC6C,hsa-miR-421
M4,MALAT1,TPD52L2,hsa-miR-421
M4,MALAT1,TPP1,hsa-miR-421
M4,MALAT1,U2AF1,hsa-miR-4705
M4,MALAT1,UBE2G2,hsa-miR-1267;hsa-miR-421
M4,MALAT1,UBN2,hsa-miR-421
M4,MALAT1,ZC3H11A,hsa-miR-421
M4,MALAT1,ZCCHC11,hsa-miR-421
M4,MALAT1,ZNF207,hsa-miR-421
M4,MALAT1,ZNF404,hsa-miR-421
M4,MALAT1,ZXDA,hsa-miR-421
M4,NEAT1,AGO1,hsa-miR-421
M4,NEAT1,AGO4,hsa-miR-421
M4,NEAT1,ANKRD10,hsa-miR-573
M4,NEAT1,ANKS1B,hsa-miR-421
M4,NEAT1,CASP2,hsa-miR-421;hsa-miR-621
M4,NEAT1,CDC42BPA,hsa-miR-1299
M4,NEAT1,CEP78,hsa-miR-421
M4,NEAT1,DDX17,hsa-miR-573;hsa-miR-421
M4,NEAT1,GIGYF1,hsa-miR-3609;hsa-miR-421
M4,NEAT1,HNRNPA2B1,hsa-miR-421
M4,NEAT1,HNRNPH3,hsa-miR-4705
M4,NEAT1,LIN7C,hsa-miR-421
M4,NEAT1,MDC1,hsa-miR-1299
M4,NEAT1,MED17,hsa-miR-3609
M4,NEAT1,MED28,hsa-miR-421;hsa-miR-4705
M4,NEAT1,PHF10,hsa-miR-4705;hsa-miR-1267
M4,NEAT1,PPWD1,hsa-miR-4705
M4,NEAT1,PTCD3,hsa-miR-1267;hsa-miR-4705
M4,NEAT1,PTOV1,hsa-miR-573
M4,NEAT1,RBM12B,hsa-miR-3609
M4,NEAT1,RBM14,hsa-miR-421
M4,NEAT1,RBM28,hsa-miR-4705
M4,NEAT1,SF1,hsa-miR-421
M4,NEAT1,SRSF11,hsa-miR-3609
M4,NEAT1,TAS2R50,hsa-miR-421
M4,NEAT1,TNRC6A,hsa-miR-4705;hsa-miR-421
M4,NEAT1,TNRC6C,hsa-miR-421
M4,NEAT1,TPD52L2,hsa-miR-421
M4,NEAT1,TPP1,hsa-miR-421
M4,NEAT1,U2AF1,hsa-miR-4705
M4,NEAT1,UBE2G2,hsa-miR-421;hsa-miR-1267
M4,NEAT1,UBN2,hsa-miR-421
M4,NEAT1,ZC3H11A,hsa-miR-421
M4,NEAT1,ZCCHC11,hsa-miR-421
M4,NEAT1,ZNF207,hsa-miR-421
M4,NEAT1,ZNF404,hsa-miR-421
M4,NEAT1,ZXDA,hsa-miR-421
M4,PDXDC2P,AGO1,hsa-miR-421
M4,PDXDC2P,AGO4,hsa-miR-421
M4,PDXDC2P,ANKS1B,hsa-miR-421
M4,PDXDC2P,CASP2,hsa-miR-421
M4,PDXDC2P,CEP78,hsa-miR-421
M4,PDXDC2P,DDX17,hsa-miR-421
M4,PDXDC2P,GIGYF1,hsa-miR-421
M4,PDXDC2P,HNRNPA2B1,hsa-miR-421
M4,PDXDC2P,LIN7C,hsa-miR-421
M4,PDXDC2P,MED28,hsa-miR-421
M4,PDXDC2P,RBM14,hsa-miR-421
M4,PDXDC2P,SF1,hsa-miR-421
M4,PDXDC2P,TAS2R50,hsa-miR-421
M4,PDXDC2P,TNRC6A,hsa-miR-421
M4,PDXDC2P,TNRC6C,hsa-miR-421
M4,PDXDC2P,TPD52L2,hsa-miR-421
M4,PDXDC2P,TPP1,hsa-miR-421
M4,PDXDC2P,UBE2G2,hsa-miR-421
M4,PDXDC2P,UBN2,hsa-miR-421
M4,PDXDC2P,ZC3H11A,hsa-miR-421
M4,PDXDC2P,ZCCHC11,hsa-miR-421
M4,PDXDC2P,ZNF207,hsa-miR-421
M4,PDXDC2P,ZNF404,hsa-miR-421
M4,PDXDC2P,ZXDA,hsa-miR-421
M4,RP11-712P20.2,CDC42BPA,hsa-miR-1299
M4,RP11-712P20.2,MDC1,hsa-miR-1299
M5,AC144652.1,CDK6,hsa-miR-4705
M5,AC144652.1,CHD7,hsa-miR-4705
M5,AC144652.1,FSCN1,hsa-miR-4705
M5,AC144652.1,HN1L,hsa-miR-4705
M5,AC144652.1,KHNYN,hsa-miR-4705
M5,AC144652.1,LBR,hsa-miR-4705
M5,AC144652.1,MYO6,hsa-miR-4705
M5,AC144652.1,SDE2,hsa-miR-4705
M5,AC144652.1,SEC11A,hsa-miR-4705
M5,AC144652.1,SMARCC1,hsa-miR-4705
M5,AC144652.1,TNC,hsa-miR-4705
M5,AC144652.1,USP1,hsa-miR-4705
M5,CTD-2555O16.2,ABCG2,hsa-miR-3167
M5,CTD-2555O16.2,AGAP1,hsa-miR-3167
M5,CTD-2555O16.2,MAT2A,hsa-miR-3167
M5,CTD-2555O16.2,METTL16,hsa-miR-3167
M5,CTD-2555O16.2,RFWD3,hsa-miR-3167
M5,LINC00938,CTNNA1,hsa-miR-573
M5,LINC00938,GPR107,hsa-miR-573
M5,LINC00938,PHIP,hsa-miR-573
M5,LINC00938,PRDX1,hsa-miR-573
M5,LINC00938,SYT9,hsa-miR-573
M5,LINC00938,VAT1,hsa-miR-573
M5,RP11-182L21.6,EEF1D,hsa-miR-3687
M5,RP11-182L21.6,HMGCL,hsa-miR-3687
M5,RP11-182L21.6,HNRNPH1,hsa-miR-3687
M5,RP11-182L21.6,HNRNPUL1,hsa-miR-3687
M5,RP11-182L21.6,KIAA0355,hsa-miR-3687
M5,RP11-182L21.6,MAP4,hsa-miR-3687
M5,RP11-98I9.4,AP3B1,hsa-miR-421
M5,RP11-98I9.4,APBB2,hsa-miR-421
M5,RP11-98I9.4,ATAD2B,hsa-miR-421
M5,RP11-98I9.4,ATM,hsa-miR-421
M5,RP11-98I9.4,BACH2,hsa-miR-421
M5,RP11-98I9.4,BVES,hsa-miR-421
M5,RP11-98I9.4,CAST,hsa-miR-421
M5,RP11-98I9.4,CD109,hsa-miR-421
M5,RP11-98I9.4,CD226,hsa-miR-421
M5,RP11-98I9.4,CDC73,hsa-miR-421
M5,RP11-98I9.4,CDK6,hsa-miR-421
M5,RP11-98I9.4,CHD7,hsa-miR-421
M5,RP11-98I9.4,COA4,hsa-miR-421
M5,RP11-98I9.4,CTNNA1,hsa-miR-421
M5,RP11-98I9.4,DEK,hsa-miR-421
M5,RP11-98I9.4,DPF2,hsa-miR-421
M5,RP11-98I9.4,DUSP16,hsa-miR-421
M5,RP11-98I9.4,EEF1A1,hsa-miR-421
M5,RP11-98I9.4,ELK4,hsa-miR-421
M5,RP11-98I9.4,FAM214A,hsa-miR-421
M5,RP11-98I9.4,FAM84B,hsa-miR-421
M5,RP11-98I9.4,FCHSD2,hsa-miR-421
M5,RP11-98I9.4,FDXR,hsa-miR-421
M5,RP11-98I9.4,FOXO4,hsa-miR-421
M5,RP11-98I9.4,HAT1,hsa-miR-421
M5,RP11-98I9.4,HIPK2,hsa-miR-421
M5,RP11-98I9.4,HNRNPUL1,hsa-miR-421
M5,RP11-98I9.4,KIAA1958,hsa-miR-421
M5,RP11-98I9.4,KIF1C,hsa-miR-421
M5,RP11-98I9.4,LBR,hsa-miR-421
M5,RP11-98I9.4,LITAF,hsa-miR-421
M5,RP11-98I9.4,LZIC,hsa-miR-421
M5,RP11-98I9.4,MAT2A,hsa-miR-421
M5,RP11-98I9.4,MESDC2,hsa-miR-421
M5,RP11-98I9.4,MITF,hsa-miR-421
M5,RP11-98I9.4,MTF1,hsa-miR-421
M5,RP11-98I9.4,NPC1,hsa-miR-421
M5,RP11-98I9.4,NUP37,hsa-miR-421
M5,RP11-98I9.4,PAIP2B,hsa-miR-421
M5,RP11-98I9.4,PICALM,hsa-miR-421
M5,RP11-98I9.4,PMAIP1,hsa-miR-421
M5,RP11-98I9.4,PMP22,hsa-miR-421
M5,RP11-98I9.4,PRDX1,hsa-miR-421
M5,RP11-98I9.4,PRKAA1,hsa-miR-421
M5,RP11-98I9.4,QKI,hsa-miR-421
M5,RP11-98I9.4,RAB21,hsa-miR-421
M5,RP11-98I9.4,RSPRY1,hsa-miR-421
M5,RP11-98I9.4,SCD,hsa-miR-421
M5,RP11-98I9.4,SH3BP4,hsa-miR-421
M5,RP11-98I9.4,SLC35F5,hsa-miR-421
M5,RP11-98I9.4,SPATA13,hsa-miR-421
M5,RP11-98I9.4,SRP9,hsa-miR-421
M5,RP11-98I9.4,SS18,hsa-miR-421
M5,RP11-98I9.4,TMEM189,hsa-miR-421
M5,RP11-98I9.4,URI1,hsa-miR-421
M5,RP11-98I9.4,USP1,hsa-miR-421
M5,RP11-98I9.4,USP47,hsa-miR-421
M5,RP11-98I9.4,VEZF1,hsa-miR-421
M5,RP11-98I9.4,VIMP,hsa-miR-421
M5,RP11-98I9.4,WDFY2,hsa-miR-421
M5,RP11-98I9.4,ZNF850,hsa-miR-421
M6,COX10-AS1,ALG1,hsa-miR-3167
M6,COX10-AS1,CALM2,hsa-miR-3167
M6,COX10-AS1,RPP25,hsa-miR-3167
M6,LINC00657,ABAT,hsa-miR-421
M6,LINC00657,ABCC12,hsa-miR-4705
M6,LINC00657,AMACR,hsa-miR-4705
M6,LINC00657,AP1G1,hsa-miR-421
M6,LINC00657,APPBP2,hsa-miR-421
M6,LINC00657,APPL1,hsa-miR-421
M6,LINC00657,ARG2,hsa-miR-1299
M6,LINC00657,ARMC8,hsa-miR-421
M6,LINC00657,ARX,hsa-miR-421
M6,LINC00657,ASB8,hsa-miR-1299
M6,LINC00657,ATXN3,hsa-miR-421
M6,LINC00657,BEND6,hsa-miR-1299
M6,LINC00657,C15orf61,hsa-miR-421
M6,LINC00657,C3orf14,hsa-miR-421
M6,LINC00657,CDC37,hsa-miR-421
M6,LINC00657,CHCHD7,hsa-miR-4705
M6,LINC00657,CISD1,hsa-miR-421
M6,LINC00657,CMAS,hsa-miR-421
M6,LINC00657,CNIH4,hsa-miR-421
M6,LINC00657,CSNK2A1,hsa-miR-4705
M6,LINC00657,DOK4,hsa-miR-421
M6,LINC00657,DUSP12,hsa-miR-4705
M6,LINC00657,ELAVL2,hsa-miR-421
M6,LINC00657,ENY2,hsa-miR-421
M6,LINC00657,FAM134A,hsa-miR-421
M6,LINC00657,FAM168B,hsa-miR-421
M6,LINC00657,FBXW11,hsa-miR-421;hsa-miR-1299
M6,LINC00657,FGF13,hsa-miR-421
M6,LINC00657,GEMIN6,hsa-miR-421
M6,LINC00657,GFOD2,hsa-miR-421
M6,LINC00657,GLB1,hsa-miR-421
M6,LINC00657,GLRA2,hsa-miR-421
M6,LINC00657,GSKIP,hsa-miR-421
M6,LINC00657,GTF2H1,hsa-miR-1299
M6,LINC00657,HK1,hsa-miR-421
M6,LINC00657,HLCS,hsa-miR-421
M6,LINC00657,HNRNPA0,hsa-miR-421
M6,LINC00657,IARS,hsa-miR-4705
M6,LINC00657,IPO7,hsa-miR-421
M6,LINC00657,KDM1A,hsa-miR-1299
M6,LINC00657,KIFAP3,hsa-miR-4705
M6,LINC00657,KPNA4,hsa-miR-421
M6,LINC00657,LPGAT1,hsa-miR-421
M6,LINC00657,LRMP,hsa-miR-1299
M6,LINC00657,MAZ,hsa-miR-421
M6,LINC00657,MED4,hsa-miR-421
M6,LINC00657,NBN,hsa-miR-1299
M6,LINC00657,NCAPG2,hsa-miR-4705
M6,LINC00657,NDC1,hsa-miR-421
M6,LINC00657,NDUFS1,hsa-miR-421
M6,LINC00657,NUP155,hsa-miR-1299
M6,LINC00657,OCIAD1,hsa-miR-421
M6,LINC00657,PACRGL,hsa-miR-421
M6,LINC00657,PAM,hsa-miR-421
M6,LINC00657,PANK2,hsa-miR-421
M6,LINC00657,PEX5,hsa-miR-421
M6,LINC00657,PGK1,hsa-miR-421
M6,LINC00657,PPP1R11,hsa-miR-1299
M6,LINC00657,PRC1,hsa-miR-4705
M6,LINC00657,RAB3GAP1,hsa-miR-1299
M6,LINC00657,RACGAP1,hsa-miR-421
M6,LINC00657,RASA1,hsa-miR-421
M6,LINC00657,RBBP7,hsa-miR-421
M6,LINC00657,RCAN2,hsa-miR-1299
M6,LINC00657,RPS6KA3,hsa-miR-421
M6,LINC00657,RRAGB,hsa-miR-421
M6,LINC00657,SDAD1,hsa-miR-4705
M6,LINC00657,SEPHS2,hsa-miR-421
M6,LINC00657,SLC25A12,hsa-miR-421
M6,LINC00657,SLC4A7,hsa-miR-421
M6,LINC00657,SLC9A6,hsa-miR-421
M6,LINC00657,SOD1,hsa-miR-1299
M6,LINC00657,SPINT2,hsa-miR-421
M6,LINC00657,SPIRE1,hsa-miR-421
M6,LINC00657,SSBP2,hsa-miR-1299
M6,LINC00657,STRIP2,hsa-miR-421
M6,LINC00657,TBC1D9,hsa-miR-421
M6,LINC00657,TMEM68,hsa-miR-4705
M6,LINC00657,TOMM70A,hsa-miR-421
M6,LINC00657,TUBA1B,hsa-miR-421
M6,LINC00657,TUBB2A,hsa-miR-421
M6,LINC00657,UBB,hsa-miR-1299
M6,LINC00657,UBBP4,hsa-miR-1299
M6,LINC00657,UBE2T,hsa-miR-421
M6,LINC00657,XIAP,hsa-miR-421
M6,LINC00657,YTHDF2,hsa-miR-421
M6,LINC00657,ZDHHC7,hsa-miR-421
M6,LINC00657,ZNF284,hsa-miR-421
M6,RPPH1,CAND1,hsa-miR-1267
M6,RPPH1,CUL2,hsa-miR-1267
M6,RPPH1,DCTN6,hsa-miR-1267
M6,RPPH1,DEPDC5,hsa-miR-1267
M6,RPPH1,ESRRA,hsa-miR-1267
M6,RPPH1,HIST1H2BG,hsa-miR-1267
M6,RPPH1,LDHA,hsa-miR-1267
M6,RPPH1,MAZ,hsa-miR-1267
M6,RPPH1,MTO1,hsa-miR-1267
M6,RPPH1,OLA1,hsa-miR-1267
M6,RPPH1,PARVB,hsa-miR-1267
M6,RPPH1,RACGAP1,hsa-miR-1267
M6,RPPH1,RNF170,hsa-miR-1267
M6,RPPH1,SCCPDH,hsa-miR-1267
M6,RPPH1,SLC25A12,hsa-miR-1267
M6,RPPH1,TIMM50,hsa-miR-1267
M6,RPPH1,UCHL1,hsa-miR-1267
M6,SLC25A5-AS1,ALG1,hsa-miR-3167
M6,SLC25A5-AS1,CALM2,hsa-miR-3167
M6,SLC25A5-AS1,RPP25,hsa-miR-3167
M7,CTD-2047H16.4,EPB41L1,hsa-miR-3167
M7,MEG3,ATAD2,hsa-miR-4705
M7,MEG3,DZIP1,hsa-miR-4705
M7,MEG3,EPB41L1,hsa-miR-1299
M7,MEG3,IQSEC2,hsa-miR-1299
M7,MEG3,PRDM2,hsa-miR-1299
M7,MEG3,RFT1,hsa-miR-4705
M7,MEG3,RPRD2,hsa-miR-1299
M7,MEG3,SUPT7L,hsa-miR-1299
M7,MEG3,TRIM11,hsa-miR-4705
M7,MEG3,WDR19,hsa-miR-4705
M7,RP11-690I21.2,ARFGEF1,hsa-miR-1267
M7,RP11-690I21.2,MLK4,hsa-miR-1267
M7,RP5-1112D6.4,ATAD2,hsa-miR-4705
M7,RP5-1112D6.4,DZIP1,hsa-miR-4705
M7,RP5-1112D6.4,RFT1,hsa-miR-4705
M7,RP5-1112D6.4,TRIM11,hsa-miR-4705
M7,RP5-1112D6.4,WDR19,hsa-miR-4705
M8,ATP6V0E2-AS1,AGFG1,hsa-miR-421
M8,ATP6V0E2-AS1,AGPAT5,hsa-miR-421
M8,ATP6V0E2-AS1,AHNAK,hsa-miR-421
M8,ATP6V0E2-AS1,ARHGAP5,hsa-miR-421
M8,ATP6V0E2-AS1,BLOC1S5,hsa-miR-421
M8,ATP6V0E2-AS1,C10orf85,hsa-miR-421
M8,ATP6V0E2-AS1,CASP3,hsa-miR-421
M8,ATP6V0E2-AS1,CCNT1,hsa-miR-421
M8,ATP6V0E2-AS1,CD164,hsa-miR-421
M8,ATP6V0E2-AS1,CLDN1,hsa-miR-421
M8,ATP6V0E2-AS1,CPEB4,hsa-miR-421
M8,ATP6V0E2-AS1,DDX3X,hsa-miR-421
M8,ATP6V0E2-AS1,DLC1,hsa-miR-421
M8,ATP6V0E2-AS1,ECHS1,hsa-miR-421
M8,ATP6V0E2-AS1,ENAH,hsa-miR-421
M8,ATP6V0E2-AS1,ENTPD1,hsa-miR-421
M8,ATP6V0E2-AS1,EXOC5,hsa-miR-421
M8,ATP6V0E2-AS1,FAM114A2,hsa-miR-421
M8,ATP6V0E2-AS1,FAM89A,hsa-miR-421
M8,ATP6V0E2-AS1,FZD8,hsa-miR-421
M8,ATP6V0E2-AS1,G3BP1,hsa-miR-421
M8,ATP6V0E2-AS1,GAN,hsa-miR-421
M8,ATP6V0E2-AS1,GMNN,hsa-miR-421
M8,ATP6V0E2-AS1,GNAQ,hsa-miR-421
M8,ATP6V0E2-AS1,GNG12,hsa-miR-421
M8,ATP6V0E2-AS1,GSPT1,hsa-miR-421
M8,ATP6V0E2-AS1,HADHA,hsa-miR-421
M8,ATP6V0E2-AS1,HMGB2,hsa-miR-421
M8,ATP6V0E2-AS1,IFNAR2,hsa-miR-421
M8,ATP6V0E2-AS1,IL6ST,hsa-miR-421
M8,ATP6V0E2-AS1,ISY1,hsa-miR-421
M8,ATP6V0E2-AS1,ITGB5,hsa-miR-421
M8,ATP6V0E2-AS1,KDELR2,hsa-miR-421
M8,ATP6V0E2-AS1,LRRC8C,hsa-miR-421
M8,ATP6V0E2-AS1,MAP3K2,hsa-miR-421
M8,ATP6V0E2-AS1,MAPKAPK3,hsa-miR-421
M8,ATP6V0E2-AS1,MDM2,hsa-miR-421
M8,ATP6V0E2-AS1,MED13,hsa-miR-421
M8,ATP6V0E2-AS1,MEX3D,hsa-miR-421
M8,ATP6V0E2-AS1,MIER3,hsa-miR-421
M8,ATP6V0E2-AS1,MSL2,hsa-miR-421
M8,ATP6V0E2-AS1,NCBP2,hsa-miR-421
M8,ATP6V0E2-AS1,NR2F2,hsa-miR-421
M8,ATP6V0E2-AS1,NRAS,hsa-miR-421
M8,ATP6V0E2-AS1,NUDT19,hsa-miR-421
M8,ATP6V0E2-AS1,PANK3,hsa-miR-421
M8,ATP6V0E2-AS1,PCGF5,hsa-miR-421
M8,ATP6V0E2-AS1,PDE3A,hsa-miR-421
M8,ATP6V0E2-AS1,PDE4B,hsa-miR-421
M8,ATP6V0E2-AS1,PGM3,hsa-miR-421
M8,ATP6V0E2-AS1,PIGA,hsa-miR-421
M8,ATP6V0E2-AS1,PNRC1,hsa-miR-421
M8,ATP6V0E2-AS1,POLR2D,hsa-miR-421
M8,ATP6V0E2-AS1,POLR3H,hsa-miR-421
M8,ATP6V0E2-AS1,PPP1CC,hsa-miR-421
M8,ATP6V0E2-AS1,PPP2CB,hsa-miR-421
M8,ATP6V0E2-AS1,PRCP,hsa-miR-421
M8,ATP6V0E2-AS1,PRKD1,hsa-miR-421
M8,ATP6V0E2-AS1,PRRC1,hsa-miR-421
M8,ATP6V0E2-AS1,PTAR1,hsa-miR-421
M8,ATP6V0E2-AS1,REST,hsa-miR-421
M8,ATP6V0E2-AS1,RHOB,hsa-miR-421
M8,ATP6V0E2-AS1,RIPK1,hsa-miR-421
M8,ATP6V0E2-AS1,RPL18A,hsa-miR-421
M8,ATP6V0E2-AS1,RPS23,hsa-miR-421
M8,ATP6V0E2-AS1,SAMD1,hsa-miR-421
M8,ATP6V0E2-AS1,SERTAD2,hsa-miR-421
M8,ATP6V0E2-AS1,SESN3,hsa-miR-421
M8,ATP6V0E2-AS1,SF3B1,hsa-miR-421
M8,ATP6V0E2-AS1,SGPL1,hsa-miR-421
M8,ATP6V0E2-AS1,SLC16A1,hsa-miR-421
M8,ATP6V0E2-AS1,SMAD2,hsa-miR-421
M8,ATP6V0E2-AS1,SMAD4,hsa-miR-421
M8,ATP6V0E2-AS1,SMEK2,hsa-miR-421
M8,ATP6V0E2-AS1,SP3,hsa-miR-421
M8,ATP6V0E2-AS1,SRSF10,hsa-miR-421
M8,ATP6V0E2-AS1,SRSF2,hsa-miR-421
M8,ATP6V0E2-AS1,SSR3,hsa-miR-421
M8,ATP6V0E2-AS1,TAOK1,hsa-miR-421
M8,ATP6V0E2-AS1,TLR4,hsa-miR-421
M8,ATP6V0E2-AS1,TM9SF1,hsa-miR-421
M8,ATP6V0E2-AS1,TMED10,hsa-miR-421
M8,ATP6V0E2-AS1,TMEM185B,hsa-miR-421
M8,ATP6V0E2-AS1,TNKS2,hsa-miR-421
M8,ATP6V0E2-AS1,TRA2B,hsa-miR-421
M8,ATP6V0E2-AS1,WASF2,hsa-miR-421
M8,ATP6V0E2-AS1,ZBTB10,hsa-miR-421
M8,ATP6V0E2-AS1,ZC3H12C,hsa-miR-421
M8,ATP6V0E2-AS1,ZFP36L1,hsa-miR-421
M8,ATP6V0E2-AS1,ZFP36L2,hsa-miR-421
M8,ATP6V0E2-AS1,ZNF217,hsa-miR-421
M8,ATP6V0E2-AS1,ZNF264,hsa-miR-421
M8,ATP6V0E2-AS1,ZNF614,hsa-miR-421
M8,ATP6V0E2-AS1,ZNF654,hsa-miR-421
M8,ATP6V0E2-AS1,ZNF766,hsa-miR-421
M8,ATP6V0E2-AS1,ZNF845,hsa-miR-421
M8,CTD-2369P2.2,AGFG1,hsa-miR-421
M8,CTD-2369P2.2,AGPAT5,hsa-miR-421
M8,CTD-2369P2.2,AHNAK,hsa-miR-421
M8,CTD-2369P2.2,ARHGAP5,hsa-miR-421
M8,CTD-2369P2.2,BLOC1S5,hsa-miR-421
M8,CTD-2369P2.2,C10orf85,hsa-miR-421
M8,CTD-2369P2.2,CASP3,hsa-miR-421
M8,CTD-2369P2.2,CCNT1,hsa-miR-421
M8,CTD-2369P2.2,CD164,hsa-miR-421
M8,CTD-2369P2.2,CLDN1,hsa-miR-421
M8,CTD-2369P2.2,CPEB4,hsa-miR-421
M8,CTD-2369P2.2,DDX3X,hsa-miR-421
M8,CTD-2369P2.2,DLC1,hsa-miR-421
M8,CTD-2369P2.2,ECHS1,hsa-miR-421
M8,CTD-2369P2.2,ENAH,hsa-miR-421
M8,CTD-2369P2.2,ENTPD1,hsa-miR-421
M8,CTD-2369P2.2,EXOC5,hsa-miR-421
M8,CTD-2369P2.2,FAM114A2,hsa-miR-421
M8,CTD-2369P2.2,FAM89A,hsa-miR-421
M8,CTD-2369P2.2,FZD8,hsa-miR-421
M8,CTD-2369P2.2,G3BP1,hsa-miR-421
M8,CTD-2369P2.2,GAN,hsa-miR-421
M8,CTD-2369P2.2,GMNN,hsa-miR-421
M8,CTD-2369P2.2,GNAQ,hsa-miR-421
M8,CTD-2369P2.2,GNG12,hsa-miR-421
M8,CTD-2369P2.2,GSPT1,hsa-miR-421
M8,CTD-2369P2.2,HADHA,hsa-miR-421
M8,CTD-2369P2.2,HMGB2,hsa-miR-421
M8,CTD-2369P2.2,IFNAR2,hsa-miR-421
M8,CTD-2369P2.2,IL6ST,hsa-miR-421
M8,CTD-2369P2.2,ISY1,hsa-miR-421
M8,CTD-2369P2.2,ITGB5,hsa-miR-421
M8,CTD-2369P2.2,KDELR2,hsa-miR-421
M8,CTD-2369P2.2,LRRC8C,hsa-miR-421
M8,CTD-2369P2.2,MAP3K2,hsa-miR-421
M8,CTD-2369P2.2,MAPKAPK3,hsa-miR-421
M8,CTD-2369P2.2,MDM2,hsa-miR-421
M8,CTD-2369P2.2,MED13,hsa-miR-421
M8,CTD-2369P2.2,MEX3D,hsa-miR-421
M8,CTD-2369P2.2,MIER3,hsa-miR-421
M8,CTD-2369P2.2,MSL2,hsa-miR-421
M8,CTD-2369P2.2,NCBP2,hsa-miR-421
M8,CTD-2369P2.2,NR2F2,hsa-miR-421
M8,CTD-2369P2.2,NRAS,hsa-miR-421
M8,CTD-2369P2.2,NUDT19,hsa-miR-421
M8,CTD-2369P2.2,PANK3,hsa-miR-421
M8,CTD-2369P2.2,PCGF5,hsa-miR-421
M8,CTD-2369P2.2,PDE3A,hsa-miR-421
M8,CTD-2369P2.2,PDE4B,hsa-miR-421
M8,CTD-2369P2.2,PGM3,hsa-miR-421
M8,CTD-2369P2.2,PIGA,hsa-miR-421
M8,CTD-2369P2.2,PNRC1,hsa-miR-421
M8,CTD-2369P2.2,POLR2D,hsa-miR-421
M8,CTD-2369P2.2,POLR3H,hsa-miR-421
M8,CTD-2369P2.2,PPP1CC,hsa-miR-421
M8,CTD-2369P2.2,PPP2CB,hsa-miR-421
M8,CTD-2369P2.2,PRCP,hsa-miR-421
M8,CTD-2369P2.2,PRKD1,hsa-miR-421
M8,CTD-2369P2.2,PRRC1,hsa-miR-421
M8,CTD-2369P2.2,PTAR1,hsa-miR-421
M8,CTD-2369P2.2,REST,hsa-miR-421
M8,CTD-2369P2.2,RHOB,hsa-miR-421
M8,CTD-2369P2.2,RIPK1,hsa-miR-421
M8,CTD-2369P2.2,RPL18A,hsa-miR-421
M8,CTD-2369P2.2,RPS23,hsa-miR-421
M8,CTD-2369P2.2,SAMD1,hsa-miR-421
M8,CTD-2369P2.2,SERTAD2,hsa-miR-421
M8,CTD-2369P2.2,SESN3,hsa-miR-421
M8,CTD-2369P2.2,SF3B1,hsa-miR-421
M8,CTD-2369P2.2,SGPL1,hsa-miR-421
M8,CTD-2369P2.2,SLC16A1,hsa-miR-421
M8,CTD-2369P2.2,SMAD2,hsa-miR-421
M8,CTD-2369P2.2,SMAD4,hsa-miR-421
M8,CTD-2369P2.2,SMEK2,hsa-miR-421
M8,CTD-2369P2.2,SP3,hsa-miR-421
M8,CTD-2369P2.2,SRSF10,hsa-miR-421
M8,CTD-2369P2.2,SRSF2,hsa-miR-421
M8,CTD-2369P2.2,SSR3,hsa-miR-421
M8,CTD-2369P2.2,TAOK1,hsa-miR-421
M8,CTD-2369P2.2,TLR4,hsa-miR-421
M8,CTD-2369P2.2,TM9SF1,hsa-miR-421
M8,CTD-2369P2.2,TMED10,hsa-miR-421
M8,CTD-2369P2.2,TMEM185B,hsa-miR-421
M8,CTD-2369P2.2,TNKS2,hsa-miR-421
M8,CTD-2369P2.2,TRA2B,hsa-miR-421
M8,CTD-2369P2.2,WASF2,hsa-miR-421
M8,CTD-2369P2.2,ZBTB10,hsa-miR-421
M8,CTD-2369P2.2,ZC3H12C,hsa-miR-421
M8,CTD-2369P2.2,ZFP36L1,hsa-miR-421
M8,CTD-2369P2.2,ZFP36L2,hsa-miR-421
M8,CTD-2369P2.2,ZNF217,hsa-miR-421
M8,CTD-2369P2.2,ZNF264,hsa-miR-421
M8,CTD-2369P2.2,ZNF614,hsa-miR-421
M8,CTD-2369P2.2,ZNF654,hsa-miR-421
M8,CTD-2369P2.2,ZNF766,hsa-miR-421
M8,CTD-2369P2.2,ZNF845,hsa-miR-421
M8,LINC00472,C8orf58,hsa-miR-3167
M8,LINC00472,IKZF2,hsa-miR-3167
M8,LINC00472,PGPEP1,hsa-miR-3167
M8,LINC00472,TAOK1,hsa-miR-3167
M8,LINC00472,TAPBP,hsa-miR-3167
M8,LINC00472,TIMELESS,hsa-miR-3167
M8,LINC00472,WASF2,hsa-miR-3167
M8,LINC00472,ZNF502,hsa-miR-3167
M8,LINC00511,AGFG1,hsa-miR-421
M8,LINC00511,AGPAT5,hsa-miR-421
M8,LINC00511,AHNAK,hsa-miR-421
M8,LINC00511,ARHGAP5,hsa-miR-421
M8,LINC00511,BLOC1S5,hsa-miR-421
M8,LINC00511,C10orf85,hsa-miR-421
M8,LINC00511,CASP3,hsa-miR-421
M8,LINC00511,CCNT1,hsa-miR-421
M8,LINC00511,CD164,hsa-miR-421
M8,LINC00511,CLDN1,hsa-miR-421
M8,LINC00511,CPEB4,hsa-miR-421
M8,LINC00511,DDX3X,hsa-miR-421
M8,LINC00511,DLC1,hsa-miR-421
M8,LINC00511,ECHS1,hsa-miR-421
M8,LINC00511,ENAH,hsa-miR-421
M8,LINC00511,ENTPD1,hsa-miR-421
M8,LINC00511,EXOC5,hsa-miR-421
M8,LINC00511,FAM114A2,hsa-miR-421
M8,LINC00511,FAM89A,hsa-miR-421
M8,LINC00511,FZD8,hsa-miR-421
M8,LINC00511,G3BP1,hsa-miR-421
M8,LINC00511,GAN,hsa-miR-421
M8,LINC00511,GMNN,hsa-miR-421
M8,LINC00511,GNAQ,hsa-miR-421
M8,LINC00511,GNG12,hsa-miR-421
M8,LINC00511,GSPT1,hsa-miR-421
M8,LINC00511,HADHA,hsa-miR-421
M8,LINC00511,HMGB2,hsa-miR-421
M8,LINC00511,IFNAR2,hsa-miR-421
M8,LINC00511,IL6ST,hsa-miR-421
M8,LINC00511,ISY1,hsa-miR-421
M8,LINC00511,ITGB5,hsa-miR-421
M8,LINC00511,KDELR2,hsa-miR-421
M8,LINC00511,LRRC8C,hsa-miR-421
M8,LINC00511,MAP3K2,hsa-miR-421
M8,LINC00511,MAPKAPK3,hsa-miR-421
M8,LINC00511,MDM2,hsa-miR-421
M8,LINC00511,MED13,hsa-miR-421
M8,LINC00511,MEX3D,hsa-miR-421
M8,LINC00511,MIER3,hsa-miR-421
M8,LINC00511,MSL2,hsa-miR-421
M8,LINC00511,NCBP2,hsa-miR-421
M8,LINC00511,NR2F2,hsa-miR-421
M8,LINC00511,NRAS,hsa-miR-421
M8,LINC00511,NUDT19,hsa-miR-421
M8,LINC00511,PANK3,hsa-miR-421
M8,LINC00511,PCGF5,hsa-miR-421
M8,LINC00511,PDE3A,hsa-miR-421
M8,LINC00511,PDE4B,hsa-miR-421
M8,LINC00511,PGM3,hsa-miR-421
M8,LINC00511,PIGA,hsa-miR-421
M8,LINC00511,PNRC1,hsa-miR-421
M8,LINC00511,POLR2D,hsa-miR-421
M8,LINC00511,POLR3H,hsa-miR-421
M8,LINC00511,PPP1CC,hsa-miR-421
M8,LINC00511,PPP2CB,hsa-miR-421
M8,LINC00511,PRCP,hsa-miR-421
M8,LINC00511,PRKD1,hsa-miR-421
M8,LINC00511,PRRC1,hsa-miR-421
M8,LINC00511,PTAR1,hsa-miR-421
M8,LINC00511,REST,hsa-miR-421
M8,LINC00511,RHOB,hsa-miR-421
M8,LINC00511,RIPK1,hsa-miR-421
M8,LINC00511,RPL18A,hsa-miR-421
M8,LINC00511,RPS23,hsa-miR-421
M8,LINC00511,SAMD1,hsa-miR-421
M8,LINC00511,SERTAD2,hsa-miR-421
M8,LINC00511,SESN3,hsa-miR-421
M8,LINC00511,SF3B1,hsa-miR-421
M8,LINC00511,SGPL1,hsa-miR-421
M8,LINC00511,SLC16A1,hsa-miR-421
M8,LINC00511,SMAD2,hsa-miR-421
M8,LINC00511,SMAD4,hsa-miR-421
M8,LINC00511,SMEK2,hsa-miR-421
M8,LINC00511,SP3,hsa-miR-421
M8,LINC00511,SRSF10,hsa-miR-421
M8,LINC00511,SRSF2,hsa-miR-421
M8,LINC00511,SSR3,hsa-miR-421
M8,LINC00511,TAOK1,hsa-miR-421
M8,LINC00511,TLR4,hsa-miR-421
M8,LINC00511,TM9SF1,hsa-miR-421
M8,LINC00511,TMED10,hsa-miR-421
M8,LINC00511,TMEM185B,hsa-miR-421
M8,LINC00511,TNKS2,hsa-miR-421
M8,LINC00511,TRA2B,hsa-miR-421
M8,LINC00511,WASF2,hsa-miR-421
M8,LINC00511,ZBTB10,hsa-miR-421
M8,LINC00511,ZC3H12C,hsa-miR-421
M8,LINC00511,ZFP36L1,hsa-miR-421
M8,LINC00511,ZFP36L2,hsa-miR-421
M8,LINC00511,ZNF217,hsa-miR-421
M8,LINC00511,ZNF264,hsa-miR-421
M8,LINC00511,ZNF614,hsa-miR-421
M8,LINC00511,ZNF654,hsa-miR-421
M8,LINC00511,ZNF766,hsa-miR-421
M8,LINC00511,ZNF845,hsa-miR-421
M8,PINK1-AS,AGFG1,hsa-miR-421
M8,PINK1-AS,AGPAT5,hsa-miR-421
M8,PINK1-AS,AHNAK,hsa-miR-421
M8,PINK1-AS,ARHGAP5,hsa-miR-421
M8,PINK1-AS,BLOC1S5,hsa-miR-421
M8,PINK1-AS,C10orf85,hsa-miR-421
M8,PINK1-AS,CASP3,hsa-miR-421
M8,PINK1-AS,CCNT1,hsa-miR-421
M8,PINK1-AS,CD164,hsa-miR-421
M8,PINK1-AS,CLDN1,hsa-miR-421
M8,PINK1-AS,CPEB4,hsa-miR-421
M8,PINK1-AS,DDX3X,hsa-miR-421
M8,PINK1-AS,DLC1,hsa-miR-421
M8,PINK1-AS,ECHS1,hsa-miR-421
M8,PINK1-AS,ENAH,hsa-miR-421
M8,PINK1-AS,ENTPD1,hsa-miR-421
M8,PINK1-AS,EXOC5,hsa-miR-421
M8,PINK1-AS,FAM114A2,hsa-miR-421
M8,PINK1-AS,FAM89A,hsa-miR-421
M8,PINK1-AS,FZD8,hsa-miR-421
M8,PINK1-AS,G3BP1,hsa-miR-421
M8,PINK1-AS,GAN,hsa-miR-421
M8,PINK1-AS,GMNN,hsa-miR-421
M8,PINK1-AS,GNAQ,hsa-miR-421
M8,PINK1-AS,GNG12,hsa-miR-421
M8,PINK1-AS,GSPT1,hsa-miR-421
M8,PINK1-AS,HADHA,hsa-miR-421
M8,PINK1-AS,HMGB2,hsa-miR-421
M8,PINK1-AS,IFNAR2,hsa-miR-421
M8,PINK1-AS,IL6ST,hsa-miR-421
M8,PINK1-AS,ISY1,hsa-miR-421
M8,PINK1-AS,ITGB5,hsa-miR-421
M8,PINK1-AS,KDELR2,hsa-miR-421
M8,PINK1-AS,LRRC8C,hsa-miR-421
M8,PINK1-AS,MAP3K2,hsa-miR-421
M8,PINK1-AS,MAPKAPK3,hsa-miR-421
M8,PINK1-AS,MDM2,hsa-miR-421
M8,PINK1-AS,MED13,hsa-miR-421
M8,PINK1-AS,MEX3D,hsa-miR-421
M8,PINK1-AS,MIER3,hsa-miR-421
M8,PINK1-AS,MSL2,hsa-miR-421
M8,PINK1-AS,NCBP2,hsa-miR-421
M8,PINK1-AS,NR2F2,hsa-miR-421
M8,PINK1-AS,NRAS,hsa-miR-421
M8,PINK1-AS,NUDT19,hsa-miR-421
M8,PINK1-AS,PANK3,hsa-miR-421
M8,PINK1-AS,PCGF5,hsa-miR-421
M8,PINK1-AS,PDE3A,hsa-miR-421
M8,PINK1-AS,PDE4B,hsa-miR-421
M8,PINK1-AS,PGM3,hsa-miR-421
M8,PINK1-AS,PIGA,hsa-miR-421
M8,PINK1-AS,PNRC1,hsa-miR-421
M8,PINK1-AS,POLR2D,hsa-miR-421
M8,PINK1-AS,POLR3H,hsa-miR-421
M8,PINK1-AS,PPP1CC,hsa-miR-421
M8,PINK1-AS,PPP2CB,hsa-miR-421
M8,PINK1-AS,PRCP,hsa-miR-421
M8,PINK1-AS,PRKD1,hsa-miR-421
M8,PINK1-AS,PRRC1,hsa-miR-421
M8,PINK1-AS,PTAR1,hsa-miR-421
M8,PINK1-AS,REST,hsa-miR-421
M8,PINK1-AS,RHOB,hsa-miR-421
M8,PINK1-AS,RIPK1,hsa-miR-421
M8,PINK1-AS,RPL18A,hsa-miR-421
M8,PINK1-AS,RPS23,hsa-miR-421
M8,PINK1-AS,SAMD1,hsa-miR-421
M8,PINK1-AS,SERTAD2,hsa-miR-421
M8,PINK1-AS,SESN3,hsa-miR-421
M8,PINK1-AS,SF3B1,hsa-miR-421
M8,PINK1-AS,SGPL1,hsa-miR-421
M8,PINK1-AS,SLC16A1,hsa-miR-421
M8,PINK1-AS,SMAD2,hsa-miR-421
M8,PINK1-AS,SMAD4,hsa-miR-421
M8,PINK1-AS,SMEK2,hsa-miR-421
M8,PINK1-AS,SP3,hsa-miR-421
M8,PINK1-AS,SRSF10,hsa-miR-421
M8,PINK1-AS,SRSF2,hsa-miR-421
M8,PINK1-AS,SSR3,hsa-miR-421
M8,PINK1-AS,TAOK1,hsa-miR-421
M8,PINK1-AS,TLR4,hsa-miR-421
M8,PINK1-AS,TM9SF1,hsa-miR-421
M8,PINK1-AS,TMED10,hsa-miR-421
M8,PINK1-AS,TMEM185B,hsa-miR-421
M8,PINK1-AS,TNKS2,hsa-miR-421
M8,PINK1-AS,TRA2B,hsa-miR-421
M8,PINK1-AS,WASF2,hsa-miR-421
M8,PINK1-AS,ZBTB10,hsa-miR-421
M8,PINK1-AS,ZC3H12C,hsa-miR-421
M8,PINK1-AS,ZFP36L1,hsa-miR-421
M8,PINK1-AS,ZFP36L2,hsa-miR-421
M8,PINK1-AS,ZNF217,hsa-miR-421
M8,PINK1-AS,ZNF264,hsa-miR-421
M8,PINK1-AS,ZNF614,hsa-miR-421
M8,PINK1-AS,ZNF654,hsa-miR-421
M8,PINK1-AS,ZNF766,hsa-miR-421
M8,PINK1-AS,ZNF845,hsa-miR-421
M8,SNHG10,CD44,hsa-miR-1299
M8,SNHG10,DAP,hsa-miR-1299
M8,SNHG10,EXOC5,hsa-miR-1299
M8,SNHG10,FAT1,hsa-miR-1299
M8,SNHG10,KDELR2,hsa-miR-1299
M8,SNHG10,KLHL9,hsa-miR-1299
M8,SNHG10,MAP3K7,hsa-miR-1299
M8,SNHG10,MAX,hsa-miR-1299
M8,SNHG10,NACC2,hsa-miR-1299
M8,SNHG10,OSBPL11,hsa-miR-1299
M8,SNHG10,PRRX1,hsa-miR-1299
M8,SNHG10,RELA,hsa-miR-1299
M8,SNHG10,SP1,hsa-miR-1299
M8,SNHG10,SP3,hsa-miR-1299
M8,SNHG10,TGIF2,hsa-miR-1299
M8,SNHG10,TMBIM6,hsa-miR-1299
M8,SNHG10,WBP1L,hsa-miR-1299
M8,SNHG5,AGFG1,hsa-miR-421
M8,SNHG5,AGPAT5,hsa-miR-421
M8,SNHG5,AHNAK,hsa-miR-421
M8,SNHG5,ARHGAP5,hsa-miR-421
M8,SNHG5,BLOC1S5,hsa-miR-421
M8,SNHG5,C10orf85,hsa-miR-421
M8,SNHG5,CASP3,hsa-miR-421
M8,SNHG5,CCNT1,hsa-miR-421
M8,SNHG5,CD164,hsa-miR-421
M8,SNHG5,CLDN1,hsa-miR-421
M8,SNHG5,CPEB4,hsa-miR-421
M8,SNHG5,DDX3X,hsa-miR-421
M8,SNHG5,DLC1,hsa-miR-421
M8,SNHG5,ECHS1,hsa-miR-421
M8,SNHG5,ENAH,hsa-miR-421
M8,SNHG5,ENTPD1,hsa-miR-421
M8,SNHG5,EXOC5,hsa-miR-421
M8,SNHG5,FAM114A2,hsa-miR-421
M8,SNHG5,FAM89A,hsa-miR-421
M8,SNHG5,FZD8,hsa-miR-421
M8,SNHG5,G3BP1,hsa-miR-421
M8,SNHG5,GAN,hsa-miR-421
M8,SNHG5,GMNN,hsa-miR-421
M8,SNHG5,GNAQ,hsa-miR-421
M8,SNHG5,GNG12,hsa-miR-421
M8,SNHG5,GSPT1,hsa-miR-421
M8,SNHG5,HADHA,hsa-miR-421
M8,SNHG5,HMGB2,hsa-miR-421
M8,SNHG5,IFNAR2,hsa-miR-421
M8,SNHG5,IL6ST,hsa-miR-421
M8,SNHG5,ISY1,hsa-miR-421
M8,SNHG5,ITGB5,hsa-miR-421
M8,SNHG5,KDELR2,hsa-miR-421
M8,SNHG5,LRRC8C,hsa-miR-421
M8,SNHG5,MAP3K2,hsa-miR-421
M8,SNHG5,MAPKAPK3,hsa-miR-421
M8,SNHG5,MDM2,hsa-miR-421
M8,SNHG5,MED13,hsa-miR-421
M8,SNHG5,MEX3D,hsa-miR-421
M8,SNHG5,MIER3,hsa-miR-421
M8,SNHG5,MSL2,hsa-miR-421
M8,SNHG5,NCBP2,hsa-miR-421
M8,SNHG5,NR2F2,hsa-miR-421
M8,SNHG5,NRAS,hsa-miR-421
M8,SNHG5,NUDT19,hsa-miR-421
M8,SNHG5,PANK3,hsa-miR-421
M8,SNHG5,PCGF5,hsa-miR-421
M8,SNHG5,PDE3A,hsa-miR-421
M8,SNHG5,PDE4B,hsa-miR-421
M8,SNHG5,PGM3,hsa-miR-421
M8,SNHG5,PIGA,hsa-miR-421
M8,SNHG5,PNRC1,hsa-miR-421
M8,SNHG5,POLR2D,hsa-miR-421
M8,SNHG5,POLR3H,hsa-miR-421
M8,SNHG5,PPP1CC,hsa-miR-421
M8,SNHG5,PPP2CB,hsa-miR-421
M8,SNHG5,PRCP,hsa-miR-421
M8,SNHG5,PRKD1,hsa-miR-421
M8,SNHG5,PRRC1,hsa-miR-421
M8,SNHG5,PTAR1,hsa-miR-421
M8,SNHG5,REST,hsa-miR-421
M8,SNHG5,RHOB,hsa-miR-421
M8,SNHG5,RIPK1,hsa-miR-421
M8,SNHG5,RPL18A,hsa-miR-421
M8,SNHG5,RPS23,hsa-miR-421
M8,SNHG5,SAMD1,hsa-miR-421
M8,SNHG5,SERTAD2,hsa-miR-421
M8,SNHG5,SESN3,hsa-miR-421
M8,SNHG5,SF3B1,hsa-miR-421
M8,SNHG5,SGPL1,hsa-miR-421
M8,SNHG5,SLC16A1,hsa-miR-421
M8,SNHG5,SMAD2,hsa-miR-421
M8,SNHG5,SMAD4,hsa-miR-421
M8,SNHG5,SMEK2,hsa-miR-421
M8,SNHG5,SP3,hsa-miR-421
M8,SNHG5,SRSF10,hsa-miR-421
M8,SNHG5,SRSF2,hsa-miR-421
M8,SNHG5,SSR3,hsa-miR-421
M8,SNHG5,TAOK1,hsa-miR-421
M8,SNHG5,TLR4,hsa-miR-421
M8,SNHG5,TM9SF1,hsa-miR-421
M8,SNHG5,TMED10,hsa-miR-421
M8,SNHG5,TMEM185B,hsa-miR-421
M8,SNHG5,TNKS2,hsa-miR-421
M8,SNHG5,TRA2B,hsa-miR-421
M8,SNHG5,WASF2,hsa-miR-421
M8,SNHG5,ZBTB10,hsa-miR-421
M8,SNHG5,ZC3H12C,hsa-miR-421
M8,SNHG5,ZFP36L1,hsa-miR-421
M8,SNHG5,ZFP36L2,hsa-miR-421
M8,SNHG5,ZNF217,hsa-miR-421
M8,SNHG5,ZNF264,hsa-miR-421
M8,SNHG5,ZNF614,hsa-miR-421
M8,SNHG5,ZNF654,hsa-miR-421
M8,SNHG5,ZNF766,hsa-miR-421
M8,SNHG5,ZNF845,hsa-miR-421
M9,SNHG6,COPA,hsa-miR-421
M9,SNHG6,EIF3K,hsa-miR-421
M9,SNHG6,ETHE1,hsa-miR-421
M9,SNHG6,FBL,hsa-miR-421
M9,SNHG6,ILF2,hsa-miR-421
M9,SNHG6,MTA1,hsa-miR-421
M9,SNHG6,NACA,hsa-miR-421
M9,SNHG6,NRD1,hsa-miR-421
M9,SNHG6,PRDX4,hsa-miR-421
M9,SNHG6,RPL13,hsa-miR-421
M9,SNHG6,RPL18,hsa-miR-421
M9,SNHG6,RPLP1,hsa-miR-421
M9,SNHG6,RPS14,hsa-miR-421
M9,SNHG6,RPS18,hsa-miR-421
M9,SNHG6,RSU1,hsa-miR-421
M9,SNHG6,TOP2B,hsa-miR-421
M9,SNHG6,TTC37,hsa-miR-421
M9,SNHG8,COX6B1,hsa-miR-621
M9,SNHG8,DHRS7,hsa-miR-621
M9,SNHG8,EIF4B,hsa-miR-621
M9,ZFAS1,COPA,hsa-miR-421
M9,ZFAS1,EIF3K,hsa-miR-421
M9,ZFAS1,ETHE1,hsa-miR-421
M9,ZFAS1,FBL,hsa-miR-421
M9,ZFAS1,GNB2L1,hsa-miR-573
M9,ZFAS1,ILF2,hsa-miR-421
M9,ZFAS1,INTS4,hsa-miR-573
M9,ZFAS1,MTA1,hsa-miR-421
M9,ZFAS1,NACA,hsa-miR-421
M9,ZFAS1,NRD1,hsa-miR-421
M9,ZFAS1,PRDX4,hsa-miR-421
M9,ZFAS1,RPL13,hsa-miR-421
M9,ZFAS1,RPL18,hsa-miR-421
M9,ZFAS1,RPLP1,hsa-miR-421
M9,ZFAS1,RPS14,hsa-miR-421
M9,ZFAS1,RPS18,hsa-miR-421
M9,ZFAS1,RSU1,hsa-miR-421
M9,ZFAS1,SMARCA5,hsa-miR-573
M9,ZFAS1,TOP2B,hsa-miR-421
M9,ZFAS1,TPT1,hsa-miR-573
M9,ZFAS1,TTC37,hsa-miR-421
